id,titel,unternehmen,standort,kategorie,vertragsart,arbeitszeit,gehalt_min,gehalt_max,datum_erstellt,beschreibung,bereich,url
5695817538,(Senior) Hardware Engineer (m/w/d),ICU Medical Germany GmbH,"Gevelndorf, Lüdenscheid",Unknown,,,,,2026-04-10,"(Senior) Hardware Engineer (m/w/d) (Senior) Hardware Engineer (m/w/d) in Lüdenscheid / Hybrid ICU Medical steht seit über 30 Jahren für sichere und effiziente Infusionstherapie. Mit innovativen Systemen, Software und Verbrauchsmaterialien verbinden wir Patient/innen und Pflegekräfte – für mehr Siche",IT,https://www.adzuna.de/land/ad/5695817538?se=RpG4SOJH8RGSdISXQQQjPQ&utm_medium=api&utm_source=c5693b3d&v=4A22D6C69F57D498CB9BF1C26178B13295815E35
4548941269,Software Entwickler (m/w/d) - Programmierung und Webentwicklung,Bela,"Schreventeich, Kiel",Sonstige/Allgemeine Stellen,,,,,2024-01-29,"Web-Developer (m/w/d) Termin: Ab sofort Einsatzort: 24116 Kiel, Schleswig-Holstein Joblevel: Berufserfahrene, Berufseinsteiger Vergütung: nach Absprache Vertragsart: Festanstellung Vertragsart Zusatz: Vollzeit Die Bartels-Langness-Gruppe ist einer der größten privat geführten Lebensmittelhändler im ",IT,https://www.adzuna.de/details/4548941269?utm_medium=api&utm_source=c5693b3d
4548941268,Software Entwickler (m/w/d) - Programmierung und Webentwicklung in Kiel,Bela,"Innenstadt, Neumünster",Sonstige/Allgemeine Stellen,,,,,2024-01-29,"Web-Developer (m/w/d) Termin: Ab sofort Einsatzort: 24116 Kiel, Schleswig-Holstein Joblevel: Berufserfahrene, Berufseinsteiger Vergütung: nach Absprache Vertragsart: Festanstellung Vertragsart Zusatz: Vollzeit Die Bartels-Langness-Gruppe ist einer der größten privat geführten Lebensmittelhändler im ",IT,https://www.adzuna.de/details/4548941268?utm_medium=api&utm_source=c5693b3d
5491690658,Software Entwickler (m/w/d) - Programmierung und Webentwicklung in Kiel,Bela,"Schreventeich, Kiel",Sonstige/Allgemeine Stellen,,,,,2025-11-12,"Web-Developer (m/w/d) Termin: Ab sofort Einsatzort: 24116 Kiel, Schleswig-Holstein Joblevel: Berufserfahrene, Berufseinsteiger Vergütung: nach Absprache Vertragsart: Festanstellung Vertragsart Zusatz: Vollzeit Die Bartels-Langness-Gruppe ist einer der größten privat geführten Lebensmittelhändler im ",IT,https://www.adzuna.de/details/5491690658?utm_medium=api&utm_source=c5693b3d
5695256546,Softwareentwickler (m/w/d) ab sofort,RADAS Jobbörse & Personalvermittlung GmbH,"Kaiserlei, Offenbach am Main",IT-Stellen,permanent,full_time,,,2026-04-10, DIREKTVERMITTLUNG in Festanstellung (keine Zeitarbeit) / Vermittlungsgutscheine (AVGS) werden akzeptiert  Bei Fragen einfach unverbindlich anrufen: 03048479484 oder einen Rückruf vereinbaren: https://radas.de/ Ihre Aufgaben: Technische Software-Konzeptentwicklung Webbasierte Anwendungsprogrammierun,IT,https://www.adzuna.de/details/5695256546?utm_medium=api&utm_source=c5693b3d
5374899961,SAP Entwickler - Programmierung / Software-Architektur / Innovation / Home Office (m/w/d),Workwise GmbH,"Wohlgelegen, Mannheim",IT-Stellen,,full_time,,,2025-08-30,"Über das Unternehmen Leidenschaft für Energie: Seit 2010 verbessern wir die IT von Netzbetreibern, Lieferanten und Servicegesellschaften mit innovativer Software und Beratung — kompetent, lösungsorientiert und partnerschaftlich. Was bieten wir dir? Wir bieten dir einen Job, der zu DEINEM Leben passt",IT,https://www.adzuna.de/details/5374899961?utm_medium=api&utm_source=c5693b3d
5711387417,Junior-C++ / C# / Java Softwareentwickler (m/w/d),RADAS Jobbörse & Personalvermittlung GmbH,"Mitte, Stuttgart",IT-Stellen,permanent,full_time,,,2026-04-27, DIREKTVERMITTLUNG in Festanstellung (keine Zeitarbeit) / Vermittlungsgutscheine (AVGS) werden akzeptiert  Bei Fragen einfach unverbindlich anrufen: 03048479484 oder einen Rückruf vereinbaren: https://radas.de/ Ihre Aufgaben: Corporate Design/ Tests/ Implementierung/ Aufgabendokumentation Vornahme k,IT,https://www.adzuna.de/details/5711387417?utm_medium=api&utm_source=c5693b3d
5699575029,Werkstudent,Ströbel Schreinerei + Möbelbau GmbH & Co. KG,"Neuostheim, Mannheim",Unknown,,part_time,36400.0,36400.0,2026-04-15,"Die Jobbörse StudentJob bringt Kandidat:innen in Kontakt mit Top-Arbeitgebern. StudentJob ist Teil von YoungCapital, dem Recruitingspezialisten für Studenten, Absolventen und Young Professionals. Masterarbeit/Werkstudent (m/w/d) bei Ströbel Schreinerei Mannheim. Optimiere unsere 3D-CAD-Planung (PYTH",IT,https://www.adzuna.de/details/5699575029?utm_medium=api&utm_source=c5693b3d
5610805925,Dualer Student (m/w/d) Informatik (B.A.),Schlüter Baumaschinen GmbH,"Erwitte, Soest (Kreis)",Unknown,,,,,2026-02-02,"Deine Aufgaben: Unterstützung bei der Optimierung unserer ERP-Software Entwicklung und Programmierung von Schnittstellen und Erweiterungen Erstellung von Reports, Dashboards und SQL-Abfragen Mitwirkung bei der Datenbank-Administration Zusammenarbeit mit den Fachabteilungen zur Optimierung und Implem",IT,https://www.adzuna.de/details/5610805925?utm_medium=api&utm_source=c5693b3d
5598103121,Werkstudent (m/w/d) für TYPO3-Entwicklung in Dresden,webit! Gesellschaft für neue Medien mbH von ITsax.de,"Dresden, Sachsen",IT-Stellen,,part_time,,,2026-01-24,"Du brennst für die digitale Welt, bist wissensdurstig und möchtest Deine Skills in TYPO3 Entwicklung ausbauen? Vielleicht bringst Du sogar schon erste Erfahrungen in der Programmierung mit PHP und TYPO3 mit und hast Lust in einem größeren Team zu arbeiten. Dann könntest Du prima zu uns passen! Wir b",IT,https://www.adzuna.de/details/5598103121?utm_medium=api&utm_source=c5693b3d
5693980282,Senior C++ Entwickler (m/w/d) für CAD-Hausplanungssystem im Ein- und Mehrfamilienhausbereich in Rosenheim,swp software systems GmbH Co. & KG von Jobs-Daheim.de,"Rosenheim, Rosenheim (Kreis)",IT-Stellen,,full_time,,,2026-04-09,"Du arbeitest seit vielen Jahren mit C++ und weißt, wie sich große Softwareprojekte über Jahrzehnte entwickeln. Du hast keine Angst vor gewachsenen Codebasen, verstehst Architektur und kannst technische Entscheidungen begründen. Und Du hast Lust, an einer Software zu arbeiten, bei der Geometrie, Visu",IT,https://www.adzuna.de/details/5693980282?utm_medium=api&utm_source=c5693b3d
5706703197,Werkstudent/in (w/m/d),Stadt Nürnberg,"Gleißbühl, Nürnberg",Unknown,,part_time,,,2026-04-22,"Die Jobbörse StudentJob bringt Kandidat:innen in Kontakt mit Top-Arbeitgebern. StudentJob ist Teil von YoungCapital, dem Recruitingspezialisten für Studenten, Absolventen und Young Professionals. Die Stadtverwaltung Nürnberg ist eine moderne Dienstleisterin für mehr als eine halbe Million Menschen. ",IT,https://www.adzuna.de/details/5706703197?utm_medium=api&utm_source=c5693b3d
5549283780,Fachinformatiker Anwendungsentwicklung (m/w/d),ISGUS GmbH,"Villingen, Villingen-Schwenningen",Unknown,,,,,2025-12-20,"Ausbildung Fachinformatiker - Anwendungsentwicklung (m/w/d) Deine Aufgaben Im Vordergrund stehen die Entwicklung und Programmierung kundenspezifischer Software Du testest bestehende Anwendungen, passt diese an, verbesserst sie und entwickelst Bedienoberflächen Du behebst Fehler und schulst Anwender ",IT,https://www.adzuna.de/details/5549283780?utm_medium=api&utm_source=c5693b3d
5441672203,(Junior) Development Engineer Electronic Controls (mwd),CCR Commercial Refrigeration,"Mainz-Kostheim, Wiesbaden (Kreis)",Technikerstellen,,,,,2025-10-10,"Gestalten Sie mit uns die Zukunft der Kältetechnik! CCR steht an der Spitze der Innovation bei hochtechnologischen Heizungs- und Kältelösungen. Als weltweit führendes Unternehmen haben wir uns verpflichtet, nachhaltige und hochmoderne Lösungen zu liefern, die unsere Lebensqualität verbessern und uns",IT,https://www.adzuna.de/details/5441672203?utm_medium=api&utm_source=c5693b3d
5598103141,Werkstudent für Frontend-Webentwicklung (m/w/d) in Dresden,webit! Gesellschaft für neue Medien mbH von ITsax.de,"Dresden, Sachsen",IT-Stellen,,part_time,,,2026-01-24,"Du bist kreativ und wissensdurstig und möchtest Deine Fähigkeiten in der Frontend-Entwicklung ausbauen. HTML, CSS oder JavaScript wecken nicht nur Dein Interesse, sondern auch Deinen Tatendrang? Dann könntest Du prima in unser Team passen! Wir bieten Dir ab sofort oder zum nächstmöglichen Zeitpunkt ",IT,https://www.adzuna.de/details/5598103141?utm_medium=api&utm_source=c5693b3d
5368242495,Embedded Softwareentwickler (m/w/d),I. K. Hofmann GmbH,"Bremen, Deutschland",Unknown,,,,,2025-08-26,"Embedded Softwareentwickler (m/w/d) Experten. Talente. Persönlichkeiten. Software, die Marineprojekte zum Erfolg führt! Für unseren geschätzten Partner aus der maritimen Industrie suchen wir einen Embedded Softwareentwickler (m/w/d) für den Standort Bremen. Werden Sie Teil eines Teams, das modernste",IT,https://www.adzuna.de/details/5368242495?utm_medium=api&utm_source=c5693b3d
5249435066,Softwareentwickler*in CRM-System für den Standort Dresden,Sellmore GmbH von ITsax.de,"Dresden, Sachsen",IT-Stellen,,full_time,,,2025-06-13,"Du bist Entwickler*in mit Leidenschaft für moderne Technologien? Dann sollten wir uns kennenlernen! Als Softwareentwickler*in bei Sellmore entwickelst Du individuelle Lösungen für CRM-Projekte – das Herzstück unseres Unternehmens. Du bringst Deine Ideen ein, optimierst Prozesse und gestaltest die di",IT,https://www.adzuna.de/details/5249435066?utm_medium=api&utm_source=c5693b3d
4892887592,Praktikant (m/w/d) Softwareentwicklung in Leipzig,ccc software gmbh von ITmitte.de,"Leipzig, Leipzig (Kreis)",IT-Stellen,,part_time,,,2024-10-08,"Wir bieten Praktikumsplätze im Bereich Softwareentwicklung / Anwendungsentwicklung in Leipzig. Wer Erfahrungen im Bereich Softwareentwicklung, Digitalisierung oder Videotechnik sammeln möchte, kann dies bei uns in gern im Rahmen eines (Pflicht-)Praktikums tun. Unsere drei Geschäftsbereiche bieten da",IT,https://www.adzuna.de/details/4892887592?utm_medium=api&utm_source=c5693b3d
5596607324,Trainee (m/w/d),Carglass,"Godorf, Köln",Unknown,,full_time,,,2026-01-23,"Die Jobbörse StudentJob bringt Kandidat:innen in Kontakt mit Top-Arbeitgebern. StudentJob ist Teil von YoungCapital, dem Recruitingspezialisten für Studenten, Absolventen und Young Professionals. Trainee ITSM: Lerne Service Invoicing & Control, nutze ITIL/ServiceNow, steuere Budgets und gestalte agi",IT,https://www.adzuna.de/details/5596607324?utm_medium=api&utm_source=c5693b3d
5711847884,Senior Software Engineer KI (all genders),adesso SE,"Aachen, Aachen (Kreis)",Unknown,,,,,2026-04-27,"adesso steht für digitale Exzellenz – und damit auch für vielfältige Entwicklungsmöglichkeiten für alle adessi. Wir wachsen gemeinsam und lernen voneinander: in anspruchsvollen Projekten, interdisziplinären Teams und mit zielgerichteten Trainingsangeboten. Wir haben IT im Herzen und den Erfolg unser",IT,https://www.adzuna.de/land/ad/5711847884?se=RpG4SOJH8RGSdISXQQQjPQ&utm_medium=api&utm_source=c5693b3d&v=B174E58E775EF2F8AED56E06D8DEAB52A2821301
5530371310,Entwickler (m/w/d) in Dresden,IBH connect GmbH von ITsax.de,"Dresden, Sachsen",IT-Stellen,,full_time,,,2025-12-06,"Phyton und Rust sind Deine Welt? Hier bist Du ein Experte oder möchtest einer werden? Unser DataCenter-Team benötigt Deine Unterstützung, um unsere Dienste weiter zu automatisieren und unsere internen Prozesse digital abzubilden. Die Aufgaben sind vielfältig, von der digitalen Bereitstellung von Rec",IT,https://www.adzuna.de/details/5530371310?utm_medium=api&utm_source=c5693b3d
5718398587,Ausbildung Fachinformatiker/in Anwendungsentwicklung (m/w/d),Papier-Mettler KG,"Neunkirchen, Bernkastel-Wittlich (Kreis)",IT-Stellen,,full_time,16000.0,32500.0,2026-05-04,"Salary: 16.000 - 32.500 € per year Requirements: Mittlere Reife Zuverlässigkeit Belastbarkeit Organisationstalent Spaß am Umgang mit Computern Handwerkliches Geschick Kenntnisse in der Hardware und Software Responsibilities: Planung, Entwicklung und Programmierung betrieblicher Informations- und Kom",IT,https://www.adzuna.de/details/5718398587?utm_medium=api&utm_source=c5693b3d
5380446528,Initiativbewerbung (w/m/d) in Rotenburg,Datatronic Software AG von bms,"Rotenburg (Wümme), Rotenburg (Kreis)",IT-Stellen,,full_time,,,2025-09-03,"Gestalte deine Zukunft mit uns! Initiativbewerbungen stets willkommen bei der Datatronic Software AG Wir sind stolz auf unser Team qualifizierter und engagierter Mitarbeiter, das das Herzstück unseres Erfolgs bildet. Um unseren kleinen und mittelständischen Kunden den bestmöglichen Service und die q",IT,https://www.adzuna.de/details/5380446528?utm_medium=api&utm_source=c5693b3d
5380446525,Initiativbewerbung (w/m/d) in Worms,Datatronic Software AG von bms,"Worms, Rheinland-Pfalz",IT-Stellen,,full_time,,,2025-09-03,"Gestalte deine Zukunft mit uns! Initiativbewerbungen stets willkommen bei der Datatronic Software AG Wir sind stolz auf unser Team qualifizierter und engagierter Mitarbeiter, das das Herzstück unseres Erfolgs bildet. Um unseren kleinen und mittelständischen Kunden den bestmöglichen Service und die q",IT,https://www.adzuna.de/details/5380446525?utm_medium=api&utm_source=c5693b3d
5572843227,Initiativbewerbung (w/m/d) in Leipzig,Datatronic Software AG von bms,"Leipzig, Leipzig (Kreis)",IT-Stellen,,full_time,,,2026-01-08,"Gestalte deine Zukunft mit uns! Initiativbewerbungen stets willkommen bei der Datatronic Software AG Wir sind stolz auf unser Team qualifizierter und engagierter Mitarbeiter, das das Herzstück unseres Erfolgs bildet. Um unseren kleinen und mittelständischen Kunden den bestmöglichen Service und die q",IT,https://www.adzuna.de/details/5572843227?utm_medium=api&utm_source=c5693b3d
5380446524,Initiativbewerbung (w/m/d) in Hannover,Datatronic Software AG von bms,"Hannover, Region Hannover (Kreis)",IT-Stellen,,full_time,,,2025-09-03,"Gestalte deine Zukunft mit uns! Initiativbewerbungen stets willkommen bei der Datatronic Software AG Wir sind stolz auf unser Team qualifizierter und engagierter Mitarbeiter, das das Herzstück unseres Erfolgs bildet. Um unseren kleinen und mittelständischen Kunden den bestmöglichen Service und die q",IT,https://www.adzuna.de/details/5380446524?utm_medium=api&utm_source=c5693b3d
5669060198,Scala Backend Entwickler (m/w/d) für KI-Plattform in Dresden,Symate GmbH von ITsax.de,"Dresden, Sachsen",IT-Stellen,,full_time,,,2026-03-17,"Gestalte mit uns den Bereich der KI-gestützten Prozessoptimierung und unterstütze uns ab sofort (unbefristet Voll-/Teilzeit) und mit vollem Engagement als Scala Entwickler (m/w/d) am Standort Dresden, Erfurt oder Rostock. Wer wir sind: Die Symate GmbH ist ein Spezialist für Künstliche Intelligenz (K",IT,https://www.adzuna.de/details/5669060198?utm_medium=api&utm_source=c5693b3d
5718400698,Duales Studium Informatik (m/w/d) - Ulm,"Deutsche Telekom AG, Telekom Ausbildung","Mitte, Ulm",IT-Stellen,contract,,17553.0,18952.0,2026-05-04,"Salary: 17.553 - 18.952 € per year Requirements: Zulassungsvoraussetzung für die Provadis Hochschule Frankfurt Begeisterung für Mathematik, Wirtschaft und Physik Englischkenntnisse Freude an der Teamarbeit und aktives Zugehen auf andere Menschen Interesse an technischen Neuheiten und digitalen Medie",IT,https://www.adzuna.de/details/5718400698?utm_medium=api&utm_source=c5693b3d
5706822674,Software-Entwickler (m/w/d) in Direktvermittlung,RADAS Jobbörse & Personalvermittlung GmbH,"Opladen, Leverkusen",IT-Stellen,permanent,full_time,,,2026-04-22, DIREKTVERMITTLUNG in Festanstellung (keine Zeitarbeit) / Vermittlungsgutscheine (AVGS) werden akzeptiert  Bei Fragen einfach unverbindlich anrufen: 03048479484 oder einen Rückruf vereinbaren: https://radas.de/ Ihre Aufgaben: Neu- und Weiterentwicklung unserer Softwarelösungen Entwicklungsarbeiten a,IT,https://www.adzuna.de/details/5706822674?utm_medium=api&utm_source=c5693b3d
4861995908,Praktikum / Abschlussarbeit Bereich Software-Entwicklung,VINCI,"Schmiden, Fellbach",Stellen für Hochschulabsolventen,,,,,2024-09-13,"Unser Standort in Fellbach ist spezialisiert auf die Systemintegration von Prozessleitsystemen sowie auf industrielle Automatisierungs- und Informationssoftware. Unsere Kunden stammen aus verschiedenen Branchen, wie der chemischen Prozessindustrie, der Lebensmittelverarbeitung und der Automatisierun",IT,https://www.adzuna.de/details/4861995908?utm_medium=api&utm_source=c5693b3d
5322436063,Senior Software Developer (m/w/d) in Dresden,Kontron AIS GmbH von ITsax.de,"Dresden, Sachsen",IT-Stellen,,full_time,,,2025-07-25,"Die digitale Transformation durch Industrie 4.0 und IoT verändert die industrielle Welt und wir sind mittendrin. In Projekten für Branchen wie Halbleiter, Automotive, Pharma oder Photovoltaik entwickeln wir smarte Softwarelösungen für moderne Fertigungsprozesse. Dabei setzen wir auf moderne Technolo",IT,https://www.adzuna.de/details/5322436063?utm_medium=api&utm_source=c5693b3d
5606348083,Ausbildung Fachinformatiker - Anwendungsentwicklung (m/w/d) ab 01.09.2027,ISGUS,"Schwenningen, Villingen-Schwenningen",Unknown,,full_time,,,2026-01-30,"Im Vordergrund stehen die Entwicklung und Programmierung kundenspezifischer Software Du testest bestehende Anwendungen, passt diese an, verbesserst sie und entwickelst Bedienoberflächen Du behebst Fehler und schulst Anwender Du wirst in verschiedenen Programmiersprachen ausgebildet und setzt diese K",IT,https://www.adzuna.de/details/5606348083?utm_medium=api&utm_source=c5693b3d
5718398651,Fachinformatiker für Anwendungsentwicklung (m/w/d),ISGUS GmbH,"Schwenningen, Villingen-Schwenningen",IT-Stellen,,full_time,43000.0,63000.0,2026-05-04,"Salary: 43.000 - 63.000 € per year Requirements: Abgeschlossene Schulausbildung (Mittlere Reife) Interesse an IT und Softwareentwicklung Hohe Motivation Gute PC- und MS Office-Kenntnisse Teamfähigkeit, Kommunikationsfähigkeit und hohe Lernbereitschaft Deutschkenntnisse C2 Responsibilities: Entwicklu",IT,https://www.adzuna.de/details/5718398651?utm_medium=api&utm_source=c5693b3d
5647073035,HiL Testing Engineer (m/w/d)*,Tagueri AG,"Dürrlewang, Stuttgart",Unknown,,full_time,,,2026-02-27,"Warum zu uns Empower People. Create Success. Bei Tagueri stehen die Mitarbeitenden und das Miteinander im Fokus. Wir brennen für unsere technischen Themen, packen tatkräftig an und bringen uns proaktiv ein. Fachlich und persönlich geben wir tagtäglich unser Bestes. Gemeinsam feiern wir unsere kleine",IT,https://www.adzuna.de/details/5647073035?utm_medium=api&utm_source=c5693b3d
5652125031,HiL Testing Engineer (m/w/d)*,Tagueri AG,"Altona-Altstadt, Hamburg",Unknown,,full_time,,,2026-03-03,"Warum zu uns Empower People. Create Success. Bei Tagueri stehen die Mitarbeitenden und das Miteinander im Fokus. Wir brennen für unsere technischen Themen, packen tatkräftig an und bringen uns proaktiv ein. Fachlich und persönlich geben wir tagtäglich unser Bestes. Gemeinsam feiern wir unsere kleine",IT,https://www.adzuna.de/details/5652125031?utm_medium=api&utm_source=c5693b3d
5647068970,HiL Testing Engineer (m/w/d)*,Tagueri AG,"Altstadt, Kiel",Unknown,,full_time,,,2026-02-27,"Warum zu uns Empower People. Create Success. Bei Tagueri stehen die Mitarbeitenden und das Miteinander im Fokus. Wir brennen für unsere technischen Themen, packen tatkräftig an und bringen uns proaktiv ein. Fachlich und persönlich geben wir tagtäglich unser Bestes. Gemeinsam feiern wir unsere kleine",IT,https://www.adzuna.de/details/5647068970?utm_medium=api&utm_source=c5693b3d
5645896664,HiL Testing Engineer (m/w/d)*,Tagueri AG,"Brötzingen, Pforzheim",Unknown,,full_time,,,2026-02-26,"Warum zu uns Empower People. Create Success. Bei Tagueri stehen die Mitarbeitenden und das Miteinander im Fokus. Wir brennen für unsere technischen Themen, packen tatkräftig an und bringen uns proaktiv ein. Fachlich und persönlich geben wir tagtäglich unser Bestes. Gemeinsam feiern wir unsere kleine",IT,https://www.adzuna.de/details/5645896664?utm_medium=api&utm_source=c5693b3d
5679048461,Testingenieur - Embedded Systems (m/w/d)*,Tagueri AG,"Brötzingen, Pforzheim",Unknown,,full_time,,,2026-03-26,"Warum zu uns Empower People. Create Success. Bei Tagueri stehen die Mitarbeitenden und das Miteinander im Fokus. Wir brennen für unsere technischen Themen, packen tatkräftig an und bringen uns proaktiv ein. Fachlich und persönlich geben wir tagtäglich unser Bestes. Gemeinsam feiern wir unsere kleine",IT,https://www.adzuna.de/details/5679048461?utm_medium=api&utm_source=c5693b3d
5695412434,Testingenieur - Embedded Systems (m/w/d)*,Tagueri AG,"Altstadt, Kiel",Unknown,,full_time,,,2026-04-10,"Warum zu uns Empower People. Create Success. Bei Tagueri stehen die Mitarbeitenden und das Miteinander im Fokus. Wir brennen für unsere technischen Themen, packen tatkräftig an und bringen uns proaktiv ein. Fachlich und persönlich geben wir tagtäglich unser Bestes. Gemeinsam feiern wir unsere kleine",IT,https://www.adzuna.de/details/5695412434?utm_medium=api&utm_source=c5693b3d
5695415345,Testingenieur - Embedded Systems (m/w/d)*,Tagueri AG,"Dürrlewang, Stuttgart",Unknown,,full_time,,,2026-04-10,"Warum zu uns Empower People. Create Success. Bei Tagueri stehen die Mitarbeitenden und das Miteinander im Fokus. Wir brennen für unsere technischen Themen, packen tatkräftig an und bringen uns proaktiv ein. Fachlich und persönlich geben wir tagtäglich unser Bestes. Gemeinsam feiern wir unsere kleine",IT,https://www.adzuna.de/details/5695415345?utm_medium=api&utm_source=c5693b3d
4993341610,Embedded-Software-Entwickler (m/w/d),FERCHAU GmbH,"Kalkhügel, Osnabrück",Unknown,,,,,2025-01-01,"Du teilst unsere Leidenschaft für Innovationen und Technologien und willst dich den Herausforderungen der Zukunft stellen? Dann komm zu FERCHAU: als ambitionierte:r Kolleg:in, der:die wie wir Technologien auf die nächste Stufe bringen möchte. Dein Aufgabengebiet * Entwicklung und Implementierung von",IT,https://www.adzuna.de/details/4993341610?utm_medium=api&utm_source=c5693b3d
4504404796,Embedded Software Engineer (m/w/d),FERCHAU GmbH,"Kalkhügel, Osnabrück",Unknown,,,,,2024-01-01,"Menschen und Technologien zu verbinden, den Perfect Match für unsere Kunden zu gestalten, immer die richtigen Expert:innen für die jeweilige Herausforderung zu finden - das ist unser Anspruch bei FERCHAU und dafür suchen wir dich: als ambitionierte:n Kolleg:in, der:die wie wir Technologien auf die n",IT,https://www.adzuna.de/details/4504404796?utm_medium=api&utm_source=c5693b3d
5561959844,Embedded-Software-Entwickler (m/w/d),FERCHAU GmbH,"Vechta, Vechta (Kreis)",Unknown,,,,,2026-01-01,"Du teilst unsere Leidenschaft für Innovationen und Technologien und willst dich den Herausforderungen der Zukunft stellen? Dann komm zu FERCHAU: als ambitionierte:r Kolleg:in, der:die wie wir Technologien auf die nächste Stufe bringen möchte. Wir realisieren spannende Projekte für namhafte Kunden in",IT,https://www.adzuna.de/details/5561959844?utm_medium=api&utm_source=c5693b3d
5718429264,"Embedded-Software-Entwickler (m/w/d) - Anwendungsentwicklung, Embedded Systems, Ingenieur",FERCHAU GmbH,"Vechta, Vechta (Kreis)",Stellen für Hochschulabsolventen,,,,,2026-05-04,"Du teilst unsere Leidenschaft für Innovationen und Technologien und willst dich den Herausforderungen der Zukunft stellen? Dann komm zu FERCHAU: als ambitionierte:r Kolleg:in, der:die wie wir Technologien auf die nächste Stufe bringen möchte. Wir realisieren spannende Projekte für namhafte Kunden in",IT,https://www.adzuna.de/details/5718429264?utm_medium=api&utm_source=c5693b3d
4643350801,IT-Projektleiter (m/w/d),FERCHAU Austria GmbH,Deutschland,Unknown,,,,,2024-04-10,"Menschen und Technologien zu verbinden, den Perfect Match für unsere Kunden zu gestalten, immer die richtigen Expert:innen für die jeweilige Herausforderung zu finden - das ist unser Anspruch bei FERCHAU und dafür suchen wir dich: als erfahrenen IT-Projektleiter für unseren Kunden. Wir realisieren s",IT,https://www.adzuna.de/details/4643350801?utm_medium=api&utm_source=c5693b3d
5689169297,Werkstudent Soft-/Hardware-Entwicklung (m/w/d),Güntner,"Schloß Holte-Stukenbrock, Gütersloh (Kreis)",Unknown,,part_time,,,2026-04-03,Unterstütze unser Team als Werkstudent Soft- und/oder Hardware Entwicklung (m/w/d). Dort erwarten dich abwechslungsreiche Aufgaben aus dem Bereich der Embedded Entwicklung: Programmierung von Software-Modulen in C++ / Python Aufbau und Weiterentwicklung von Testständen und Versuchsaufbauten in Labor,IT,https://www.adzuna.de/details/5689169297?utm_medium=api&utm_source=c5693b3d
5616496764,Junior Consultant KI & Data Analytics | Projektmanagement (m/w/d) für KI-Plattform Cloud in Rostock,Symate GmbH von IThanse.de,"Rostock, Mecklenburg-Vorpommern",IT-Stellen,,full_time,,,2026-02-06,"Kurzbeschreibung: Gestalte mit uns den Bereich der Künstlichen Intelligenz für renommierte Industriekunden und unterstütze uns ab sofort (unbefristet Voll-/Teilzeit) und mit vollem Engagement als KI Consultant und Projektmanager (m/w/d) am Standort Rostock. Wir sind überzeugt davon, durch automatisi",IT,https://www.adzuna.de/details/5616496764?utm_medium=api&utm_source=c5693b3d
5688444458,Werkstudent Soft-/Hardware-Entwicklung (m/w/d),Güntner GmbH & Co. KG,"Schloß Holte-Stukenbrock, Gütersloh (Kreis)",Unknown,,,,,2026-04-03,"Die Güntner GmbH & Co. KG mit Hauptsitz in Fürstenfeldbruck bei München ist ein weltweit führender Hersteller von Komponenten für die Kälte- und Klimatechnik. Mit ca. 7.000 Mitarbeiter:innen weltweit und Produktionsstätten in Deutschland, Ungarn, Rumänien, Indonesien, Mexiko und Brasilien ist die Fi",IT,https://www.adzuna.de/details/5688444458?utm_medium=api&utm_source=c5693b3d
5718400251,Senior Software Engineer AI (all genders),adesso SE,"Laurensberg, Aachen",IT-Stellen,,full_time,45000.0,75000.0,2026-05-04,"Salary: 45.000 - 75.000 € per year Requirements: Starker Hintergrund in Java-Backend-Entwicklung, KI-Programmierung und Software-Engineering Mehrjährige Erfahrung in der Java-Backendentwicklung webbasierter, skalierbarer Systeme und Anwendungen mit verschiedenen Datenbanken und Frameworks (z.B. Spri",IT,https://www.adzuna.de/details/5718400251?utm_medium=api&utm_source=c5693b3d
5647715685,Ausbildung zum Fachinformatiker (m/w/x) - Fachrichtung Anwendungsentwicklung,expert Warenvertrieb GmbH,"Schulenkamp, Langenhagen",Unknown,,,,,2026-02-27,Ausbildung zum Fachinformatiker (m/w/x) - Fachrichtung Anwendungsentwicklung Standort: Langenhagen (expert Warenvertrieb GmbH) Job-Typ: Ausbildung Arbeitszeit: Vollzeit Wir sind expert. Seit über 60 Jahren dein Technik-Experte von nebenan. Überall in Deutschland. Genauer gesagt an 378 Standorten mit,IT,https://www.adzuna.de/details/5647715685?utm_medium=api&utm_source=c5693b3d
5712976001,Embedded Software Engineer (m/w/d) Elektronikbaugruppen,I. K. Hofmann,"Bremen, Deutschland",Unknown,,,,,2026-04-28,"Embedded Software Engineer (m/w/d) Elektronikbaugruppen Hofmann Personal zählt seit über 40 Jahren zu den führenden Personaldienstleistern in Deutschland und bringt Unternehmen und Fachkräfte erfolgreich zusammen. Als verlässlicher Partner begleiten wir Sie auf Ihrem Karriereweg professionell, persö",IT,https://www.adzuna.de/details/5712976001?utm_medium=api&utm_source=c5693b3d
5456621112,Dualer Studiengang Wirtschaftsinformatik (B. Sc.) (m/w/d) Application Management,Busch Vacuum Solutions,"Maulburg, Lörrach (Kreis)",Unknown,,,,,2025-10-20,"DHBW Student Bachelor of Sc. (Wirtschaftsinformatik Fachrichtung Application Management) (m/w/d) Standort: Maulburg, BW, DE, 79689 VON DER LEBENSMITTELVERPACKUNG BIS ZUM RECYCLING VON KUNSTSTOFF. UNSERE VAKUUM- UND ÜBERDRUCKLÖSUNGEN FINDEN SICH IN ALLEN LEBENS- UND INDUSTRIEBEREICHEN. Als Teil der i",IT,https://www.adzuna.de/details/5456621112?utm_medium=api&utm_source=c5693b3d
4584716936,Embedded Softwareentwickler (m/w/d),FERCHAU GmbH,"Eitleshof, Göppingen (Kreis)",Unknown,,,,,2024-02-28,"Menschen und Technologien zu verbinden, den Perfect Match für unsere Kunden zu gestalten, immer die richtigen Expert:innen für die jeweilige Herausforderung zu finden - das ist unser Anspruch bei FERCHAU und dafür suchen wir dich: als ambitionierte:r Kolleg:in, der:die wie wir Technologien auf die n",IT,https://www.adzuna.de/details/4584716936?utm_medium=api&utm_source=c5693b3d
5690490781,Senior Embedded Software Ingenieur (m/w/d) Applikationssoftware,Yamaha Motor eBike Systems GmbH,"Moabit, Berlin",IT-Stellen,,full_time,,,2026-04-05,Senior Embedded Software Ingenieur (m&NoBreak;/&NoBreak;w&NoBreak;/&NoBreak;d) Applikationssoftware Berlin Dein neuer Job mit echtem Drive Wir werden in den nächsten Jahren in neue Technologien und Geschäftsfelder investieren. Wir wollen die erfolgreiche Zukunft unseres Unternehmens mit dir gestalte,IT,https://www.adzuna.de/details/5690490781?utm_medium=api&utm_source=c5693b3d
5629010279,Hard- und Software-Entwickler/-in in Wassertrüdingen,DOMMEL GmbH,"Wassertrüdingen, Ansbach (Kreis)",Unknown,permanent,,,,2026-02-14,"Für unser Team in Wassertrüdingen suchen wir zeitnah eine/-n Hard- und Software-Entwickler/-in . Talente, die Sie mitbringen sollten Abgeschlossenes Studium der Fachrichtung Elektro- oder Nachrichtentechnik, alternativ eine vergleichbare Qualifikation Vorteilhaft ist eine mehrjährige Berufserfahrung",IT,https://www.adzuna.de/details/5629010279?utm_medium=api&utm_source=c5693b3d
5528633358,Senior AI Engineer (m/w/d) - Data Science / GenAI,PlanB. GmbH,"Wasseralfingen, Aalen",Unknown,,full_time,,,2025-12-05,Das erwartet dich Als Senior AI Engineer:in entwirfst und verantwortest du komplexe Konzepte zur Datenintegration aus verschiedenen Bereichen und Datenquellen. Dein Technologie-Stack umfasst hierbei auch Big Data auf Cloudtechnologien/-services (Fokus liegt hier im Bereich der Microsoft Azure Cloud),IT,https://www.adzuna.de/details/5528633358?utm_medium=api&utm_source=c5693b3d
5717662416,"AI Engineer / Software Engineer (all genders) - System Engineering / Admin, Anwendungsentwicklung, Ingenieur",adesso,"Köln, Nordrhein-Westfalen",Stellen für Hochschulabsolventen,,,,,2026-05-03,Als Teil der adesso group bündelt die adesso insurance solutions GmbH das eigene Produktportfolio für den Versicherungsmarkt und treibt innovative Software-Lösungen in diesem Umfeld voran. Wir sind ein Team aus über 600 engagierten Kollegen und Kolleginnen. Und du kannst ein Teil davon werden.  Dein,IT,https://www.adzuna.de/details/5717662416?utm_medium=api&utm_source=c5693b3d
5717662417,"AI Engineer / Software Engineer (all genders) - System Engineering / Admin, Anwendungsentwicklung, Ingenieur",adesso,"Hamburg, Deutschland",Stellen für Hochschulabsolventen,,,,,2026-05-03,Als Teil der adesso group bündelt die adesso insurance solutions GmbH das eigene Produktportfolio für den Versicherungsmarkt und treibt innovative Software-Lösungen in diesem Umfeld voran. Wir sind ein Team aus über 600 engagierten Kollegen und Kolleginnen. Und du kannst ein Teil davon werden.  Dein,IT,https://www.adzuna.de/details/5717662417?utm_medium=api&utm_source=c5693b3d
5717662418,"AI Engineer / Software Engineer (all genders) - System Engineering / Admin, Anwendungsentwicklung, Ingenieur",adesso,"Frankfurt am Main, Hessen",Stellen für Hochschulabsolventen,,,,,2026-05-03,Als Teil der adesso group bündelt die adesso insurance solutions GmbH das eigene Produktportfolio für den Versicherungsmarkt und treibt innovative Software-Lösungen in diesem Umfeld voran. Wir sind ein Team aus über 600 engagierten Kollegen und Kolleginnen. Und du kannst ein Teil davon werden.  Dein,IT,https://www.adzuna.de/details/5717662418?utm_medium=api&utm_source=c5693b3d
5717662420,"AI Engineer / Software Engineer (all genders) - System Engineering / Admin, Anwendungsentwicklung, Ingenieur",adesso,"Berlin, Deutschland",Stellen für Hochschulabsolventen,,,,,2026-05-03,Als Teil der adesso group bündelt die adesso insurance solutions GmbH das eigene Produktportfolio für den Versicherungsmarkt und treibt innovative Software-Lösungen in diesem Umfeld voran. Wir sind ein Team aus über 600 engagierten Kollegen und Kolleginnen. Und du kannst ein Teil davon werden.  Dein,IT,https://www.adzuna.de/details/5717662420?utm_medium=api&utm_source=c5693b3d
5717662419,"AI Engineer / Software Engineer (all genders) - System Engineering / Admin, Anwendungsentwicklung, Ingenieur",adesso,"Dortmund, Nordrhein-Westfalen",Stellen für Hochschulabsolventen,,,,,2026-05-03,Als Teil der adesso group bündelt die adesso insurance solutions GmbH das eigene Produktportfolio für den Versicherungsmarkt und treibt innovative Software-Lösungen in diesem Umfeld voran. Wir sind ein Team aus über 600 engagierten Kollegen und Kolleginnen. Und du kannst ein Teil davon werden.  Dein,IT,https://www.adzuna.de/details/5717662419?utm_medium=api&utm_source=c5693b3d
5717662415,"AI Engineer / Software Engineer (all genders) - System Engineering / Admin, Anwendungsentwicklung, Ingenieur",adesso,"Stuttgart, Baden-Württemberg",Stellen für Hochschulabsolventen,,,,,2026-05-03,Als Teil der adesso group bündelt die adesso insurance solutions GmbH das eigene Produktportfolio für den Versicherungsmarkt und treibt innovative Software-Lösungen in diesem Umfeld voran. Wir sind ein Team aus über 600 engagierten Kollegen und Kolleginnen. Und du kannst ein Teil davon werden.  Dein,IT,https://www.adzuna.de/details/5717662415?utm_medium=api&utm_source=c5693b3d
5717662414,"AI Engineer / Software Engineer (all genders) - System Engineering / Admin, Anwendungsentwicklung, Ingenieur",adesso,"München, München (Kreis)",Stellen für Hochschulabsolventen,,,,,2026-05-03,Als Teil der adesso group bündelt die adesso insurance solutions GmbH das eigene Produktportfolio für den Versicherungsmarkt und treibt innovative Software-Lösungen in diesem Umfeld voran. Wir sind ein Team aus über 600 engagierten Kollegen und Kolleginnen. Und du kannst ein Teil davon werden.  Dein,IT,https://www.adzuna.de/details/5717662414?utm_medium=api&utm_source=c5693b3d
5658912303,Spezialist Automatisierungstechnik (m/w/d),WCC Heidelberg Web Carton Converting,"Weiden, Köln",Stellen aus Logistik & Lagerhaltung,,full_time,,,2026-03-09,Are you looking for a challenge? That's what we offer! Die Heidelberger Druckmaschinen AG ist international führender Lösungsanbieter und Dienstleister in der Printmedien­industrie mit 130 Mitarbeitern. Diese starke Marke dürfen wir bei der Heidelberg Web Carton Converting GmbH mit leistungs­starken,IT,https://www.adzuna.de/details/5658912303?utm_medium=api&utm_source=c5693b3d
5711882114,Senior Data Scientist (m/w/d),INC Innovation Center GmbH,"Vaalserquartier, Aachen",Sonstige/Allgemeine Stellen,,full_time,,,2026-04-27,"Das INC Innovation Center ist ein international tätiger One-Stop-Shop für die Entwicklung und Umsetzung technologiegetriebener Innovationen. Unser Expertenteam begleitet Kunden weltweit - von der Idee bis zur Markteinführung - mit innovativen Methoden, Beratung und Softwareentwicklungen. Über 450 zu",IT,https://www.adzuna.de/land/ad/5711882114?se=hKFNTOJH8RGSdISXQQQjPQ&utm_medium=api&utm_source=c5693b3d&v=2A1EBBE4B69F334FE0B2C05FC7920E82FCE5FAE0
5717124208,Datenspezialist (m/w/d),Bundesgesellschaft für Endlagerung mbH ,"Peine, Peine (Kreis)",Beraterstellen,,,,,2026-05-02,Die Bundesgesellschaft für Endlagerung (BGE) sucht einen Standort für ein Endlager für hochradioaktive Abfälle und baut das Endlager Konrad für schwach- und mittelradioaktive Abfälle. Die BGE hält das Endlager Morsleben offen bis zur Stilllegung und plant die Rückholung der radioaktiven Abfälle aus ,IT,https://www.adzuna.de/land/ad/5717124208?se=hKFNTOJH8RGSdISXQQQjPQ&utm_medium=api&utm_source=c5693b3d&v=347C863ACC5CDCB2C6515384DD11BC7FE9796461
5716524314,IT Architekt Data Analytics- und KI-Services (m/w/d),BWI GmbH,"Nürnberg, Bayern",Unknown,,,,,2026-05-02,"Als primärer Digitalisierungspartner der Bundeswehr erbringen wir stabile, sichere und effiziente IT-Services im In- und Ausland, vom Grundbetrieb bis in den einsatznahen Bereich und tragen so zur kontinuierlichen Erhöhung der Führungs- und Einsatzfähigkeit der Bundeswehr bei. Mit über 8.000 Kolleg*",IT,https://www.adzuna.de/land/ad/5716524314?se=hKFNTOJH8RGSdISXQQQjPQ&utm_medium=api&utm_source=c5693b3d&v=94828716185B62288C09E1F983F17F9F18D7A091
5715954006,Senior IT Architect Collaboration und Content Management (m/w/d),BWI GmbH,"Berlin, Deutschland","Stellen aus PR, Werbung & Marketing",,,,,2026-05-01,"Als primärer Digitalisierungspartner der Bundeswehr erbringen wir stabile, sichere und effiziente IT-Services im In- und Ausland, vom Grundbetrieb bis in den einsatznahen Bereich und tragen so zur kontinuierlichen Erhöhung der Führungs- und Einsatzfähigkeit der Bundeswehr bei. Mit über 8.000 Kolleg*",IT,https://www.adzuna.de/land/ad/5715954006?se=hKFNTOJH8RGSdISXQQQjPQ&utm_medium=api&utm_source=c5693b3d&v=D9E2E4D40D59FA5EDEFB5DEAAFA9CC14852634F6
5715640609,Junior AI Education Consultant (m/w/d),statworx,"Fechenheim, Frankfurt am Main",Unknown,,full_time,,,2026-05-01,Über uns statworx ist ein führendes Beratungs- und Entwicklungsunternehmen für Daten und KI mit Sitz in Frankfurt am Main. Wir bieten strategische Beratung für mittelständische Unternehmen und globale Konzerne. Wir entwickeln innovative Daten- & KI-Lösungen für alle Unternehmensbereiche und Tätigkei,IT,https://www.adzuna.de/details/5715640609?utm_medium=api&utm_source=c5693b3d
5716512865,Senior Data Scientist (m/w/d),INC Innovation Center GmbH,"Aachen, Aachen (Kreis)",Unknown,permanent,part_time,,,2026-05-02,"Das INC Innovation Center ist ein international tätiger One-Stop-Shop für die Entwicklung und Umsetzung technologiegetriebener Innovationen.Unser Expertenteam begleitet Kunden weltweit - von der Idee bis zur Markteinführung - mit innovativen Methoden, Beratung und Softwareentwicklungen. Über 450 zuf",IT,https://www.adzuna.de/details/5716512865?utm_medium=api&utm_source=c5693b3d
5718400075,Senior Data Scientist (m/w/d),INC Innovation Center GmbH,"Vaalserquartier, Aachen",IT-Stellen,,full_time,53000.0,73000.0,2026-05-04,"Salary: 53.000 - 73.000 € per year Requirements: Abgeschlossenes Studium in Data Science, Informatik, Mathematik, Ingenieurwissenschaften oder vergleichbare Qualifikation, gern mit Promotion Mindestens 5 Jahre Berufserfahrung in Data-Science-, Machine-Learning- oder KI-Projekten Erfahrung in der Ent",IT,https://www.adzuna.de/details/5718400075?utm_medium=api&utm_source=c5693b3d
5716600937,Data Scientist,DJB,"Aachen, Aachen (Kreis)",Unknown,,,,,2026-05-02,"Das INC Innovation Center ist ein international tätiger One-Stop-Shop für die Entwicklung und Umsetzung technologiegetriebener Innovationen. Unser Expertenteam begleitet Kunden weltweit - von der Idee bis zur Markteinführung - mit innovativen Methoden, Beratung und Softwareentwicklungen. Über 450 zu",IT,https://www.adzuna.de/details/5716600937?utm_medium=api&utm_source=c5693b3d
5718265898,Application Manager Krisenvorsorgeinformationssystem Bund (m/w/d),BWI GmbH,"Nürnberg, Bayern",IT-Stellen,,full_time,,,2026-05-04,"Sorge gemeinsam mit uns für die digitale Zukunftsfähigkeit der Bundeswehr. Als primärer Digitalisierungspartner der Bundeswehr erbringen wir stabile, sichere und effiziente IT-Services im In- und Ausland, vom Grundbetrieb bis in den einsatznahen Bereich und tragen so zur kontinuierlichen Erhöhung de",IT,https://www.adzuna.de/land/ad/5718265898?se=hKFNTOJH8RGSdISXQQQjPQ&utm_medium=api&utm_source=c5693b3d&v=217F7436ACC60611651B2D0F12200972DB15468C
5718265902,Application Manager Krisenvorsorgeinformationssystem Bund (m/w/d),BWI GmbH,"Bonn, Nordrhein-Westfalen",IT-Stellen,,full_time,,,2026-05-04,"Sorge gemeinsam mit uns für die digitale Zukunftsfähigkeit der Bundeswehr. Als primärer Digitalisierungspartner der Bundeswehr erbringen wir stabile, sichere und effiziente IT-Services im In- und Ausland, vom Grundbetrieb bis in den einsatznahen Bereich und tragen so zur kontinuierlichen Erhöhung de",IT,https://www.adzuna.de/land/ad/5718265902?se=hKFNTOJH8RGSdISXQQQjPQ&utm_medium=api&utm_source=c5693b3d&v=83676902AD31B038813272BFB004D61C5EDBA101
5718265897,Application Manager Krisenvorsorgeinformationssystem Bund (m/w/d),BWI GmbH,"Ulm, Baden-Württemberg",IT-Stellen,,full_time,,,2026-05-04,"Sorge gemeinsam mit uns für die digitale Zukunftsfähigkeit der Bundeswehr. Als primärer Digitalisierungspartner der Bundeswehr erbringen wir stabile, sichere und effiziente IT-Services im In- und Ausland, vom Grundbetrieb bis in den einsatznahen Bereich und tragen so zur kontinuierlichen Erhöhung de",IT,https://www.adzuna.de/land/ad/5718265897?se=hKFNTOJH8RGSdISXQQQjPQ&utm_medium=api&utm_source=c5693b3d&v=F62B81D3762A549CEBFDCE1DEF7A150D2E9255F6
5718265900,Application Manager Krisenvorsorgeinformationssystem Bund (m/w/d),BWI GmbH,"Leipzig, Leipzig (Kreis)",IT-Stellen,,full_time,,,2026-05-04,"Sorge gemeinsam mit uns für die digitale Zukunftsfähigkeit der Bundeswehr. Als primärer Digitalisierungspartner der Bundeswehr erbringen wir stabile, sichere und effiziente IT-Services im In- und Ausland, vom Grundbetrieb bis in den einsatznahen Bereich und tragen so zur kontinuierlichen Erhöhung de",IT,https://www.adzuna.de/land/ad/5718265900?se=hKFNTOJH8RGSdISXQQQjPQ&utm_medium=api&utm_source=c5693b3d&v=64D93EFD41A5E590AC73777C6132E855C1796696
5718265901,Application Manager Krisenvorsorgeinformationssystem Bund (m/w/d),BWI GmbH,"Frankfurt am Main, Hessen",IT-Stellen,,full_time,,,2026-05-04,"Sorge gemeinsam mit uns für die digitale Zukunftsfähigkeit der Bundeswehr. Als primärer Digitalisierungspartner der Bundeswehr erbringen wir stabile, sichere und effiziente IT-Services im In- und Ausland, vom Grundbetrieb bis in den einsatznahen Bereich und tragen so zur kontinuierlichen Erhöhung de",IT,https://www.adzuna.de/land/ad/5718265901?se=hKFNTOJH8RGSdISXQQQjPQ&utm_medium=api&utm_source=c5693b3d&v=9870AF579FAF8F4ADAFD2B9A7154189925ECC336
5718265896,Application Manager Krisenvorsorgeinformationssystem Bund (m/w/d),BWI GmbH,"Hamburg, Deutschland",IT-Stellen,,full_time,,,2026-05-04,"Sorge gemeinsam mit uns für die digitale Zukunftsfähigkeit der Bundeswehr. Als primärer Digitalisierungspartner der Bundeswehr erbringen wir stabile, sichere und effiziente IT-Services im In- und Ausland, vom Grundbetrieb bis in den einsatznahen Bereich und tragen so zur kontinuierlichen Erhöhung de",IT,https://www.adzuna.de/land/ad/5718265896?se=hKFNTOJH8RGSdISXQQQjPQ&utm_medium=api&utm_source=c5693b3d&v=8026D74EC921EF9854E948D7EAFABD928E1F3FE1
5718265903,Application Manager Krisenvorsorgeinformationssystem Bund (m/w/d),BWI GmbH,"Berlin, Deutschland",IT-Stellen,,full_time,,,2026-05-04,"Sorge gemeinsam mit uns für die digitale Zukunftsfähigkeit der Bundeswehr. Als primärer Digitalisierungspartner der Bundeswehr erbringen wir stabile, sichere und effiziente IT-Services im In- und Ausland, vom Grundbetrieb bis in den einsatznahen Bereich und tragen so zur kontinuierlichen Erhöhung de",IT,https://www.adzuna.de/land/ad/5718265903?se=hKFNTOJH8RGSdISXQQQjPQ&utm_medium=api&utm_source=c5693b3d&v=BA4890AD1A7FA1D4651C38DCCCD9D73071E2EEF7
5718265899,Application Manager Krisenvorsorgeinformationssystem Bund (m/w/d),BWI GmbH,"München, München (Kreis)",IT-Stellen,,full_time,,,2026-05-04,"Sorge gemeinsam mit uns für die digitale Zukunftsfähigkeit der Bundeswehr. Als primärer Digitalisierungspartner der Bundeswehr erbringen wir stabile, sichere und effiziente IT-Services im In- und Ausland, vom Grundbetrieb bis in den einsatznahen Bereich und tragen so zur kontinuierlichen Erhöhung de",IT,https://www.adzuna.de/land/ad/5718265899?se=hKFNTOJH8RGSdISXQQQjPQ&utm_medium=api&utm_source=c5693b3d&v=DC6BA1925104C26E1E0D419C5DAE06553A6D5D0D
5716855755,Senior Data Scientist (m/w/d),INC Innovation Center GmbH,"Vaalserquartier, Aachen",Unknown,,,,,2026-05-02,"Das INC Innovation Center ist ein international t&auml;tiger One-Stop-Shop f&uuml;r die Entwicklung und Umsetzung technologiegetriebener Innovationen. Unser Expertenteam begleitet Kunden weltweit - von der Idee bis zur Markteinf&uuml;hrung - mit innovativen Methoden, Beratung und Softwareentwicklung",IT,https://www.adzuna.de/details/5716855755?utm_medium=api&utm_source=c5693b3d
5717540056,Duales Masterprogramm (M. Sc.) im Bereich Big Data Engineering 2026,REWE Group,"Köln, Nordrhein-Westfalen",Unknown,,,,,2026-05-03,"Die REWE Group hat als modernes Handelsunternehmen einen umfassenden Datenschatz vom Einkauf über die Logistik bis hin zu unseren Märkten und Kund:innen. Unsere Fragestellungen sind anspruchsvoll, aber nicht abstrakt. Wir verwenden state of the art Technologien und Methoden, um unseren Kund:innen je",IT,https://www.adzuna.de/land/ad/5717540056?se=hKFNTOJH8RGSdISXQQQjPQ&utm_medium=api&utm_source=c5693b3d&v=75E93D5D2C09B090CAFD16A379F5C3864682AE4D
4403635590,Patent Counsel - Künstliche Intelligenz (m/w/d),Basf France,"Mitte, Ludwigshafen am Rhein",Stellen für Hochschulabsolventen,contract,,,,2023-10-31,"WILLKOMMEN IM TEAM Unsere Service Einheit Global Intellectual Property ist eine der größten In-house IP-Abteilungen in Deutschland. Wir verantworten alle Dienstleistungen rund um die Themen Patente, Marken, Geschäftsgeheimnisse, Sortenschutzrechte, Urheberrechte, Designs und IP Intelligence, sowie a",IT,https://www.adzuna.de/details/4403635590?utm_medium=api&utm_source=c5693b3d
5698187515,Senior AI Scientist – Model Training & Architecture (m/w/d),BWI GmbH,"Berlin, Deutschland",IT-Stellen,,full_time,,,2026-04-13,"Sorge gemeinsam mit uns für die digitale Zukunftsfähigkeit unseres Landes. Als primärer Digitalisierungspartner der Bundeswehr erbringen wir stabile, sichere und effiziente IT-Services im In- und Ausland, vom Grundbetrieb bis in den einsatznahen Bereich und tragen so zur kontinuierlichen Erhöhung de",IT,https://www.adzuna.de/land/ad/5698187515?se=hKFNTOJH8RGSdISXQQQjPQ&utm_medium=api&utm_source=c5693b3d&v=44FC6100AC50558E6ED8A203B4F84607925C7661
5698187525,Senior AI Scientist – Model Training & Architecture (m/w/d),BWI GmbH,"Bonn, Nordrhein-Westfalen",IT-Stellen,,full_time,,,2026-04-13,"Sorge gemeinsam mit uns für die digitale Zukunftsfähigkeit unseres Landes. Als primärer Digitalisierungspartner der Bundeswehr erbringen wir stabile, sichere und effiziente IT-Services im In- und Ausland, vom Grundbetrieb bis in den einsatznahen Bereich und tragen so zur kontinuierlichen Erhöhung de",IT,https://www.adzuna.de/land/ad/5698187525?se=hKFNTOJH8RGSdISXQQQjPQ&utm_medium=api&utm_source=c5693b3d&v=5D616618D13FCAB1C8968DFC78E6711B1E247A49
5698187502,Senior AI Scientist – Model Training & Architecture (m/w/d),BWI GmbH,"Leipzig, Leipzig (Kreis)",IT-Stellen,,full_time,,,2026-04-13,"Sorge gemeinsam mit uns für die digitale Zukunftsfähigkeit unseres Landes. Als primärer Digitalisierungspartner der Bundeswehr erbringen wir stabile, sichere und effiziente IT-Services im In- und Ausland, vom Grundbetrieb bis in den einsatznahen Bereich und tragen so zur kontinuierlichen Erhöhung de",IT,https://www.adzuna.de/land/ad/5698187502?se=hKFNTOJH8RGSdISXQQQjPQ&utm_medium=api&utm_source=c5693b3d&v=A92373EA65BE1685740CD5D56C0AD3243EE601FD
5698187498,Senior AI Scientist – Model Training & Architecture (m/w/d),BWI GmbH,"Ulm, Baden-Württemberg",IT-Stellen,,full_time,,,2026-04-13,"Sorge gemeinsam mit uns für die digitale Zukunftsfähigkeit unseres Landes. Als primärer Digitalisierungspartner der Bundeswehr erbringen wir stabile, sichere und effiziente IT-Services im In- und Ausland, vom Grundbetrieb bis in den einsatznahen Bereich und tragen so zur kontinuierlichen Erhöhung de",IT,https://www.adzuna.de/land/ad/5698187498?se=hKFNTOJH8RGSdISXQQQjPQ&utm_medium=api&utm_source=c5693b3d&v=6EB2F27BCA33FFF1879BF412B91D2E35B6B09813
5698187476,Senior AI Scientist – Model Training & Architecture (m/w/d),BWI GmbH,"Frankfurt am Main, Hessen",IT-Stellen,,full_time,,,2026-04-13,"Sorge gemeinsam mit uns für die digitale Zukunftsfähigkeit unseres Landes. Als primärer Digitalisierungspartner der Bundeswehr erbringen wir stabile, sichere und effiziente IT-Services im In- und Ausland, vom Grundbetrieb bis in den einsatznahen Bereich und tragen so zur kontinuierlichen Erhöhung de",IT,https://www.adzuna.de/land/ad/5698187476?se=hKFNTOJH8RGSdISXQQQjPQ&utm_medium=api&utm_source=c5693b3d&v=12D019BBBB671ECF35C5FE890D1A48A0D665D2B4
5698187513,Senior AI Scientist – Model Training & Architecture (m/w/d),BWI GmbH,"Hamburg, Deutschland",IT-Stellen,,full_time,,,2026-04-13,"Sorge gemeinsam mit uns für die digitale Zukunftsfähigkeit unseres Landes. Als primärer Digitalisierungspartner der Bundeswehr erbringen wir stabile, sichere und effiziente IT-Services im In- und Ausland, vom Grundbetrieb bis in den einsatznahen Bereich und tragen so zur kontinuierlichen Erhöhung de",IT,https://www.adzuna.de/land/ad/5698187513?se=hKFNTOJH8RGSdISXQQQjPQ&utm_medium=api&utm_source=c5693b3d&v=8EACEF2E5FE53EB6EAC6C641E2CC1CCD921A5459
5698187494,Senior AI Scientist – Model Training & Architecture (m/w/d),BWI GmbH,"Nürnberg, Bayern",IT-Stellen,,full_time,,,2026-04-13,"Sorge gemeinsam mit uns für die digitale Zukunftsfähigkeit unseres Landes. Als primärer Digitalisierungspartner der Bundeswehr erbringen wir stabile, sichere und effiziente IT-Services im In- und Ausland, vom Grundbetrieb bis in den einsatznahen Bereich und tragen so zur kontinuierlichen Erhöhung de",IT,https://www.adzuna.de/land/ad/5698187494?se=hKFNTOJH8RGSdISXQQQjPQ&utm_medium=api&utm_source=c5693b3d&v=3881961988353DCF3820DE5EE0BC140BDEBF45E0
5698187493,Senior AI Scientist – Model Training & Architecture (m/w/d),BWI GmbH,"München, München (Kreis)",IT-Stellen,,full_time,,,2026-04-13,"Sorge gemeinsam mit uns für die digitale Zukunftsfähigkeit unseres Landes. Als primärer Digitalisierungspartner der Bundeswehr erbringen wir stabile, sichere und effiziente IT-Services im In- und Ausland, vom Grundbetrieb bis in den einsatznahen Bereich und tragen so zur kontinuierlichen Erhöhung de",IT,https://www.adzuna.de/land/ad/5698187493?se=hKFNTOJH8RGSdISXQQQjPQ&utm_medium=api&utm_source=c5693b3d&v=11B557BA69321774CEDCDABBC4A356027857FBBF
5552776965,Senior Consultant Data Science - Fokus NLP (alle Geschlechter),statworx,"Fechenheim, Frankfurt am Main",Unknown,,full_time,,,2025-12-23,Über uns statworx ist ein führendes Beratungs- und Entwicklungsunternehmen für Daten und KI mit Sitz in Frankfurt am Main. Wir bieten strategische Beratung für mittelständische Unternehmen und globale Konzerne. Wir entwickeln innovative Daten- & KI-Lösungen für alle Unternehmensbereiche und Tätigkei,IT,https://www.adzuna.de/details/5552776965?utm_medium=api&utm_source=c5693b3d
5507658752,Technische Ausbildung & Studium,Otto GmbH & Co. KGaA,"Bramfeld, Hamburg",Unknown,,,,,2025-11-21,"Otto GmbH & Co. KGaA sucht Technische Ausbildung/Studium in Konsumgüter und Handel Dein Berufsstart in der IT: Ausbildung Fachinformatik, Angewandte Informatik B. Sc. , Wirtschaftsinformatik B. Sc. , Data Science & AI B. Sc. , Studienintegrierende Ausbildung Wir bieten Du hast Spaß an den Themen Inf",IT,https://www.adzuna.de/details/5507658752?utm_medium=api&utm_source=c5693b3d
5646141832,Duales Studium Wirtschaftsinformatik / Data Science (B. Sc.),Netze BW GmbH,"Stuttgart, Baden-Württemberg",Unknown,,,,,2026-02-26,"Vernetze mit uns die Welt von morgen. Du hast Lust, deine Tatkraft bei uns einzubringen und dadurch deine eigene Zukunft und die aller Menschen sicherer und lebenswerter zu machen? Wir freuen uns darauf, dich dabei tatkräftig zu unterstützen – und gemeinsam mit dir neue und zuverlässige Verbindungen",IT,https://www.adzuna.de/details/5646141832?utm_medium=api&utm_source=c5693b3d
5708094366,Praktikant Machine Learning / KI (m/w/d),avenit AG,"Zunsweier, Offenburg",Unknown,,full_time,,,2026-04-23,"Deine Aufgaben Du willst nicht nur in der Theorie Modelle bauen, sondern sehen, wie Machine Learning in echten Anwendungen wirkt? In unserem Praxissemester arbeitest du an realen Kundenprojekten, entwickelst datengetriebene Lösungen und erlebst, wie KI in produktiven Softwaresystemen eingesetzt wird",IT,https://www.adzuna.de/details/5708094366?utm_medium=api&utm_source=c5693b3d
5552764343,Senior GenAI Solution Architect (alle Geschlechter),statworx,"Fechenheim, Frankfurt am Main",Unknown,,full_time,,,2025-12-23,Über uns statworx ist ein führendes Beratungs- und Entwicklungsunternehmen für Daten und KI mit Sitz in Frankfurt am Main. Wir bieten strategische Beratung für mittelständische Unternehmen und globale Konzerne. Wir entwickeln innovative Daten- & KI-Lösungen für alle Unternehmensbereiche und Tätigkei,IT,https://www.adzuna.de/details/5552764343?utm_medium=api&utm_source=c5693b3d
5552780240,Managing Consultant Generative AI & NLP (alle Geschlechter),statworx,"Fechenheim, Frankfurt am Main",Unknown,,full_time,,,2025-12-23,Über uns statworx ist ein führendes Beratungs- und Entwicklungsunternehmen für Daten und KI mit Sitz in Frankfurt am Main. Wir bieten strategische Beratung für mittelständische Unternehmen und globale Konzerne. Wir entwickeln innovative Daten- & KI-Lösungen für alle Unternehmensbereiche und Tätigkei,IT,https://www.adzuna.de/details/5552780240?utm_medium=api&utm_source=c5693b3d
5637573543,Cloud Solution Architect (m/w/d),statworx,"Fechenheim, Frankfurt am Main",Unknown,,full_time,,,2026-02-20,Über uns statworx ist ein führendes Beratungs- und Entwicklungsunternehmen für Daten und KI mit Sitz in Frankfurt am Main. Wir bieten strategische Beratung für mittelständische Unternehmen und globale Konzerne. Wir entwickeln innovative Daten- & KI-Lösungen für alle Unternehmensbereiche und Tätigkei,IT,https://www.adzuna.de/details/5637573543?utm_medium=api&utm_source=c5693b3d
5682460090,Backend Entwickler:in PHP (m/w/d),ibelsa,"Püttlingen, Regionalverband Saarbrücken (Kreis)",IT-Stellen,,full_time,,,2026-03-29,"ibelsa – die cloudbasierte Hotelsoftware! Werde Teil unseres Teams! Wir sind ein innovatives, inhabergeführtes Unternehmen, das aus den Start-up-Schuhen herausgewachsen ist, aber den frischen, offenen Spirit beibehalten hat. Zumindest glauben wir das und laden Dich ein, es herauszufinden. : ) Wir bi",IT,https://www.adzuna.de/details/5682460090?utm_medium=api&utm_source=c5693b3d
5627192508,DevOps Engineer/Kubernetes-Spezialist (m/w/d),FERCHAU GmbH,"Doos, Nürnberg",Unknown,,,,,2026-02-13,FERCHAU ist ein Familienunternehmen mit dem Schwerpunkt IT und Engineering. Wir unterstützen Unternehmen bei der Realisierung von Projekten und Stellenbesetzung mit technischen Spezialist:innen. Werde ein Teil unserer Dynamik als DevOps Engineer/Kubernetes-Spezialist:in. Diese Herausforderungen über,IT,https://www.adzuna.de/details/5627192508?utm_medium=api&utm_source=c5693b3d
5648401165,"System Architect / DevOps Engineer (m/w/d) – Infrastruktur & Cloud Solutions (Kubernetes, CI/CD, AWS)",FINNOFLEET GmbH,"Hasseldieksdamm, Kiel",Unknown,,part_time,,,2026-02-28,"Informationen zum Job Komm an Bord unserer FINNOFLEET Crew Dein Herz schlägt für die IT? Du weißt, dass Container nicht nur auf Schiffen übers Meer fahren, sondern Anwendungen bereitstellen? Bei dem Wort „Cloud“ denkst du an hocheffiziente und skalierbare IT-Architekturen und nicht an englische Rege",IT,https://www.adzuna.de/details/5648401165?utm_medium=api&utm_source=c5693b3d
5715212143,Solution Architect - E-Commerce / Shopify / Cloud (m/w/d),Workwise GmbH,"Altstadt, Frankfurt am Main",Sonstige/Allgemeine Stellen,,full_time,,,2026-05-01,"Über ABRIO GmbH Wir sind führender Shopify-Partner in der DACH-Region und zählen laut BVDW zu den am schnellsten wachsenden E-Commerce-Beratungen in Deutschland. Als Shopify Plus Partner helfen wir Unternehmen, ihr E-Commerce-Business mit maßgeschneiderten Shopify-Lösungen, Conversion-Optimierung, P",IT,https://www.adzuna.de/land/ad/5715212143?se=Olg4T-JH8RGrz_gY8KlfVw&utm_medium=api&utm_source=c5693b3d&v=0D6D15FBA31E6D630228E840B40AFD2986BB3661
5712010581,Solution Architect - E-Commerce / Shopify / Cloud (m/w/d),Workwise GmbH,"Neustadt, Hamburg",Sonstige/Allgemeine Stellen,,,,,2026-04-27,"Über ABRIO GmbH Wir sind führender Shopify-Partner in der DACH-Region und zählen laut BVDW zu den am schnellsten wachsenden E-Commerce-Beratungen in Deutschland. Als Shopify Plus Partner helfen wir Unternehmen, ihr E-Commerce-Business mit maßgeschneiderten Shopify-Lösungen, Conversion-Optimierung, P",IT,https://www.adzuna.de/land/ad/5712010581?se=Olg4T-JH8RGrz_gY8KlfVw&utm_medium=api&utm_source=c5693b3d&v=80005098E345E0E96FF4A0123C5A9A2BF3E509FB
5617005934,DevOps Engineer*,Haeger Consulting,"Bad Godesberg, Bonn",Unknown,,full_time,,,2026-02-06,"Was dich erwartet Du arbeitest eng mit unseren Kunden zusammen, um moderne DevOps-Praktiken zu etablieren Du hebst Automatisierungspotenziale und gestaltest leistungsfähige Infrastruktur-Lösungen Du berätst unsere Kunden zu CI/CD-Prozessen und der Auswahl passender Automatisierungstools Du setzt gem",IT,https://www.adzuna.de/details/5617005934?utm_medium=api&utm_source=c5693b3d
5405270065,"Cloud-Infrastruktur-Spezialist (m/w/d), German-Speaking",Muxon,"Bayern, Deutschland",Unknown,,,,,2025-09-19,"Transparenz beim Gehalt Diese Position richtet sich an Kandidaten mit mehr als 3 Jahren Berufserfahrung. Die Gehaltsspanne liegt je nach Erfahrung zwischen 60.000 € und 70.000 € brutto jährlich . Arbeitsmodell: Vollzeit, hybrid Standort: Neunkirchen Muxon ist eine kleine, global tätige Personalvermi",IT,https://www.adzuna.de/details/5405270065?utm_medium=api&utm_source=c5693b3d
5658898040,Head of Development (f/m/d),Characters Connection,Deutschland,Unknown,,full_time,,,2026-03-09,"Stellenbeschreibung Für eine führende Business-Software-Unit suchen wir eine erfahrene Führungspersönlichkeit, die ein internationales Entwicklungsteam leitet und skaliert. Die Softwareprodukte richten sich an Anwender, die nicht tief im IT-Umfeld verankert sind (z. B. Labore, Kanzleien, Handwerks- ",IT,https://www.adzuna.de/details/5658898040?utm_medium=api&utm_source=c5693b3d
5717040217,Cloud / DevOps Engineer (m/w/d) - Stackmeister GmbH,Stackmeister GmbH,"Berlin, Deutschland",Unknown,,full_time,,,2026-05-02,"Das beste Du - werde mit uns der:die beste Cloud / DevOps Engineer:in, die Du werden kannst. Unterstütze unsere Kunden dabei, ihre Projekte zu planen, durchzuführen und abzuschließen und arbeite dabei mit unserem Team von bislang 13 Engineers und den Engineers unserer Kund:innen zusammen. Tätigkeite",IT,https://www.adzuna.de/details/5717040217?utm_medium=api&utm_source=c5693b3d
5491396527,DevOps Cloud System Spezialist/in (m/w/d),Bosch Sicherheitssysteme GmbH,"Daberstedt, Erfurt",Unknown,,full_time,,,2025-11-12,"DevOps Cloud System Spezialist/in (m/w/d) Am Urbicher Kreuz 32, 99099 Erfurt, Deutschland Vollzeit Bosch Sicherheitssysteme GmbH Unternehmensbeschreibung Möchten Sie Ihre Ideen in nutzbringende und sinnvolle Technologien verwandeln? Ob im Bereich Mobility Solutions, Consumer Goods, Industrial Techno",IT,https://www.adzuna.de/details/5491396527?utm_medium=api&utm_source=c5693b3d
5715258330,Senior Cloud / DevOps Engineer (m/w/d) - Stackmeister GmbH,Stackmeister GmbH,"Berlin, Deutschland",Stellen aus Buchhaltung & Finanzwesen,,,,,2026-05-01,"Das beste Du - werde mit uns der:die beste Cloud / DevOps Engineer:in, die Du werden kannst. Unterstütze unsere Kunden dabei, ihre Projekte zu planen, durchzuführen und abzuschließen und arbeite dabei mit unserem Team von bislang 13 Engineers und den Engineers unserer Kund:innen zusammen. Tätigkeite",IT,https://www.adzuna.de/details/5715258330?utm_medium=api&utm_source=c5693b3d
5654498406,IT-System Engineer (m/w/d) in Augsburg,accompio GmbH von ITbavaria.de,"Augsburg, Augsburg (Kreis)",IT-Stellen,,full_time,,,2026-03-05,"Die accompio ist eine Private-Equity-getragene IT-Unternehmensgruppe mit rund 700 Spezialist:innen an 19 Standorten in Deutschland, Österreich, Ungarn und Bulgarien. Gemeinsam bilden wir ein starkes Powerhouse aus Expert:innen, das Unternehmen mit IT-Infrastruktur, Cloud, DevOps und Cyber Security b",IT,https://www.adzuna.de/details/5654498406?utm_medium=api&utm_source=c5693b3d
5654498476,Junior IT-System Engineer (m/w/d) in Augsburg,accompio GmbH von ITbavaria.de,"Augsburg, Augsburg (Kreis)",IT-Stellen,,full_time,,,2026-03-05,"Die accompio ist eine Private-Equity-getragene IT-Unternehmensgruppe mit rund 700 Spezialist:innen an 19 Standorten in Deutschland, Österreich, Ungarn und Bulgarien. Gemeinsam bilden wir ein starkes Powerhouse aus Expert:innen, das Unternehmen mit IT-Infrastruktur, Cloud, DevOps und Cyber Security b",IT,https://www.adzuna.de/details/5654498476?utm_medium=api&utm_source=c5693b3d
5715634969,Software Consultant | Schwerpunkt Cloud & Platform (a),Meondi,"Möhringen, Stuttgart",Unknown,,full_time,,,2026-05-01,"Über uns MEONDI ist eine agile Unternehmensberatung am Standort Stuttgart. Wir navigieren unsere namhaften Kunden ganzheitlich durch Innovations- und Transformationsprozesse sowie agile Produktentwicklungen. Dabei legen wir unseren Fokus auf alle relevanten Handlungsfelder wie Strategie, Leadership,",IT,https://www.adzuna.de/details/5715634969?utm_medium=api&utm_source=c5693b3d
5685984608,Tech Lead SRE & Cloud Platform (m/f/d),BAUHAUS,"Wohlgelegen, Mannheim",Sonstige/Allgemeine Stellen,,,,,2026-04-01,"Tech Lead SRE & Cloud Platform (m/f/d) Stellenbeschreibung Besser digital. Der Bereich Digital Commerce steht für ein vernetztes BAUHAUS der Zukunft durch Digitalisierung. Dabei haben wir immer unsere Kund:innen im Fokus und als Ziel, das perfekte digitale Einkaufserlebnis zu schaffen. Eine agile Ar",IT,https://www.adzuna.de/details/5685984608?utm_medium=api&utm_source=c5693b3d
5625352884,Cyber Security Consultant (m/w/d) - Augsburg,accompio GmbH von ITbavaria.de,"Augsburg, Augsburg (Kreis)",IT-Stellen,,full_time,,,2026-02-12,"Die accompio ist eine Private-Equity-getragene IT-Unternehmensgruppe mit rund 700 Spezialist:innen an 19 Standorten in Deutschland, Österreich, Ungarn und Bulgarien. Gemeinsam bilden wir ein starkes Powerhouse aus Expert:innen, das Unternehmen mit IT-Infrastruktur, Cloud, DevOps und Cyber Security b",IT,https://www.adzuna.de/details/5625352884?utm_medium=api&utm_source=c5693b3d
5669164369,Satellite Ground Segment Infrastruktur Responsible (d/m/w) - Inklusiver Job   ,Airbus,"Kluftern, Friedrichshafen",Unknown,,,,,2026-03-17,"Job Description: At Airbus, our purpose is to improve life on Earth and beyond through our cutting-edge space technologies. With every technological breakthrough, we bring people closer together, we navigate new frontiers and we discover new and unexplored destinations. And we don't just take innova",IT,https://www.adzuna.de/land/ad/5669164369?se=Olg4T-JH8RGrz_gY8KlfVw&utm_medium=api&utm_source=c5693b3d&v=74447BE6320E250E79FF032C66AAB8CD65306F71
5669164375,Satellite Ground Segment Deployment Responsible (d/m/w) - Inklusiver Job   ,Airbus,"Kluftern, Friedrichshafen",Unknown,,,,,2026-03-17,"Job Description: At Airbus, our purpose is to improve life on Earth and beyond through our cutting-edge space technologies. With every technological breakthrough, we bring people closer together, we navigate new frontiers and we discover new and unexplored destinations. And we don't just take innova",IT,https://www.adzuna.de/land/ad/5669164375?se=Olg4T-JH8RGrz_gY8KlfVw&utm_medium=api&utm_source=c5693b3d&v=9F57D356D62086CF611A6FD1F7EC8AD056631D30
5625352877,Microsoft 365 Consultant (m/w/d) - Augsburg,accompio GmbH von ITbavaria.de,"Augsburg, Augsburg (Kreis)",IT-Stellen,,full_time,,,2026-02-12,"Die accompio ist eine Private-Equity-getragene IT-Unternehmensgruppe mit rund 700 Spezialist:innen an 19 Standorten in Deutschland, Österreich, Ungarn und Bulgarien. Gemeinsam bilden wir ein starkes Powerhouse aus Expert:innen, das Unternehmen mit IT-Infrastruktur, Cloud, DevOps und Cyber Security b",IT,https://www.adzuna.de/details/5625352877?utm_medium=api&utm_source=c5693b3d
5715840811,Lead Engineer (m/w/d) - ABRIO GmbH,ABRIO GmbH,"Frankfurt am Main, Hessen",Unknown,,full_time,,,2026-05-01,"Stell dir vor, es ist dein erster Tag als Lead Engineer (m/w/d) bei ABRIO. Du wirst herzlich von einem motivierten und professionellen Team empfangen. Nach einem ersten gemeinsamen Team-Lunch startest du direkt in die Welt des E-Commerce - mit spannenden Shopify-Migrations- und Plattformprojekten fü",IT,https://www.adzuna.de/details/5715840811?utm_medium=api&utm_source=c5693b3d
5707619935,Lead Engineer für Commerce Architekturen (m/w/d),Abrio,"Altstadt, Frankfurt am Main",Stellen aus Logistik & Lagerhaltung,,full_time,,,2026-04-22,"Was erwartet dich? Du analysierst Kundenanforderungen, begleitest Workshops zu Commerce-Architekturen und übersetzt fachliche Ziele in skalierbare technische Konzepte. Gemeinsam mit Consultants und Requirements Engineers strukturierst du Anforderungen und unterstützt bei der Priorisierung von Backlo",IT,https://www.adzuna.de/details/5707619935?utm_medium=api&utm_source=c5693b3d
5602804288,Cloud Infrastructure Engineer (m/w/d),CGI,"Leinfelden-Echterdingen, Esslingen (Kreis)",Stellen für Hochschulabsolventen,,,,,2026-01-28,"Position Description: Dein Herz schlägt für DevOps, Cloud-Plattformen und automatisierte Infrastrukturen und du hast bereits Erfahrung in der Zusammenarbeit mit Entwicklungs- und/oder Betriebsteams? Dann werde Teil unserer Erfolgsgeschichte und gestalte mit uns in anspruchsvollen Projekten die Zukun",IT,https://www.adzuna.de/details/5602804288?utm_medium=api&utm_source=c5693b3d
5712239551,Technical Lead (m/w/d),ABRIO GmbH,"Bockenheim, Frankfurt am Main",IT-Stellen,permanent,full_time,,,2026-04-28,"Stell dir vor, es ist dein erster Tag als Technical Lead (m/w/d) bei ABRIO. Du wirst herzlich von einem motivierten und professionellen Team empfangen. Nach einem ersten gemeinsamen Team-Lunch startest du direkt in die Welt des E-Commerce – mit spannenden Shopify-Migrations- und Plattformprojekten f",IT,https://www.adzuna.de/details/5712239551?utm_medium=api&utm_source=c5693b3d
5681018414,Cloud DevOps Engineer (m/w/d),CGI,"Leinfelden-Echterdingen, Esslingen (Kreis)",Stellen für Hochschulabsolventen,,,,,2026-03-28,"Position Description: Dein Herz schlägt für DevOps, Cloud-Plattformen und automatisierte Infrastrukturen und du hast bereits Erfahrung in der Zusammenarbeit mit Entwicklungs- und/oder Betriebsteams? Dann werde Teil unserer Erfolgsgeschichte und gestalte mit uns in anspruchsvollen Projekten die Zukun",IT,https://www.adzuna.de/details/5681018414?utm_medium=api&utm_source=c5693b3d
4754974773,DevOps Engineer (gn),workidentity GmbH,"Altona-Altstadt, Hamburg",Unknown,,full_time,60000.0,70000.0,2024-06-27,"Einleitung Unser Partnerunternehmen, ein innovativer, nachhaltiger Hidden Champion in der Wasserwirtschaft baut gerade einen neuen Geschäftsbereich aus. Der Fokus liegt auf der Entwicklung fortschrittlicher KI-Technologien zur Überprüfung von Wasserleitungsnetzen. Durch hochinnovative Inspektionsger",IT,https://www.adzuna.de/details/4754974773?utm_medium=api&utm_source=c5693b3d
4523236938,Senior Consultant IAM Strategy - Cybersecurity Services (m/w/d),IBM,"München, München (Kreis)",Stellen für Hochschulabsolventen,,,,,2024-01-13,"Introduction Wenn du ein Identity & Access Management (IAM) Experte bist, ist dies deine Chance, deine Karriere auf die nächste Stufe zu heben Du suchst ein facettenreiches Umfeld, um komplexe IAM Projekte bei den führenden Organisationen in der D-A-CH-Region zu bewältigen? Identitäts-und Zugriffsma",IT,https://www.adzuna.de/details/4523236938?utm_medium=api&utm_source=c5693b3d
5669976402,Satellite Ground Segment Deployment Responsible (d/m/w),Airbus,Deutschland,Unknown,,full_time,,,2026-03-17,"Job Description: At Airbus, our purpose is to improve life on Earth and beyond through our cutting-edge space technologies. With every technological breakthrough, we bring people closer together, we navigate new frontiers and we discover new and unexplored destinations. And we don't just take innova",IT,https://www.adzuna.de/details/5669976402?utm_medium=api&utm_source=c5693b3d
5669926263,Satellite Ground Segment Infrastruktur Responsible (d/m/w),Airbus,Deutschland,Unknown,,full_time,,,2026-03-17,"Job Description: At Airbus, our purpose is to improve life on Earth and beyond through our cutting-edge space technologies. With every technological breakthrough, we bring people closer together, we navigate new frontiers and we discover new and unexplored destinations. And we don't just take innova",IT,https://www.adzuna.de/details/5669926263?utm_medium=api&utm_source=c5693b3d
5578195775,Senior Javascript/React Native Software Engineer:in (Full Stack) (d/m/w),Verlag Der Tagesspiegel,"Berlin, Deutschland",IT-Stellen,,full_time,,,2026-01-10,"Wir suchen eine:n vielseitige:n React Native Software Engineer (d/m/w), der bzw. die die Lücke zwischen Frontend- und Backend-Entwicklung überbrücken kann. Du arbeitest an wichtigen digitalen Plattformen, die Nachrichten und Inhalte für Millionen von Leser:innen bereitstellen. Die ideale Person fühl",IT,https://www.adzuna.de/details/5578195775?utm_medium=api&utm_source=c5693b3d
4565789495,"Studiengang Cybercrime/Cybersecurity, M.Sc. (m/w/d) an der Hochschule Mittweida",Hochschule Mittweida von ITsax.de,"Mittweida, Mittelsachsen (Kreis)",IT-Stellen,,part_time,,,2024-02-12,"Studienziel Das Studium wird mit einem Master of Science Degree abgeschlossen. Nach Abschluss des Studiums sollen die Absolventen in jedem Fall in der Lage sein, eigenständig in hochspezialisierten Cybercrime oder IT-Forensik Abteilungen in Ermittlungsbehörden, Bundesbehörden oder einem Unternehmen ",IT,https://www.adzuna.de/details/4565789495?utm_medium=api&utm_source=c5693b3d
5714669674,DevOps Engineer (m/w/d),Optimus Search,"Laurensberg, Aachen",Sonstige/Allgemeine Stellen,,full_time,,,2026-04-30,"About us Ein international tätiges Unternehmen im Bereich IT-Sicherheit und Cybersecurity-Lösungen entwickelt seit vielen Jahren innovative Technologien zur Absicherung sensibler Daten und Systeme. Mit einem starken Fokus auf Qualität, Zuverlässigkeit und zertifizierte Sicherheitsstandards betreut d",IT,https://www.adzuna.de/land/ad/5714669674?se=Xh0gUeJH8RGldLZhYZiz6Q&utm_medium=api&utm_source=c5693b3d&v=E4381007919BF09B9D0FCBC9BB98614A9C0EBBE3
5671159097,Cybersecurity-Administrator (m/w/d),Synostik,"Oebisfelde-Weferlingen, Börde (Kreis)",Unknown,,full_time,,,2026-03-18,"Starte mit uns durch als Cybersecurity-Administrator (m/w/d) - Dein Platz bei der Synostik GmbH! Du willst IT nicht nur betreiben, sondern aktiv absichern ? Du begeisterst Dich für Cybersecurity, IT-Administration und IT-Sicherheit ? Du hast Lust, beim Kunden vor Ort und remote passende Sicherheitsl",IT,https://www.adzuna.de/details/5671159097?utm_medium=api&utm_source=c5693b3d
4565789653,"Studiengang IT-Forensik/Cybercrime, B.Sc. (Fernstudium, berufsbegleitend) (m/w/d) an der Hochschule Mittweida",Hochschule Mittweida von ITsax.de,"Mittweida, Mittelsachsen (Kreis)",IT-Stellen,,part_time,,,2024-02-12,"Studienziel Der Studiengang vermittelt Methodenkompetenzen in der forensischen Fallarbeit mit der IT-Forensik und für die Ermittlungstätigkeit im Phänomenbereich Cybercrime. Das Studienangebot schafft, erweitert und vertieft neben naturwissenschaftlichen, insbesondere Wissen und Kenntnisse im Bereic",IT,https://www.adzuna.de/details/4565789653?utm_medium=api&utm_source=c5693b3d
5708352853,"IT-Administrator (m/w/d) Workplace, Cloud & Sicherheit",Scherr+Klimke AG,"Neu-Ulm, Neu-Ulm (Kreis)",Unknown,,,,,2026-04-23,WE MAKE IT WORK. Die ScherrKlimke AG ist mit ca. 170 Mitarbeitenden eines der führenden Generalplanungsbüros in Süddeutschland. Wir planen und steuern anspruchsvolle Projekte in den Bereichen Hochbau und Ingenieurbau und bieten eine umfassende Gesamtplanung mit allen baurelevanten Fachdisziplinen un,IT,https://www.adzuna.de/land/ad/5708352853?se=Xh0gUeJH8RGldLZhYZiz6Q&utm_medium=api&utm_source=c5693b3d&v=D5E33409734BA7271907EDCE0BEDA954F836A98B
5717901088,IT-Notfallbeauftragte:r bzw. IT-Notfallmanager:in,Behörde für Stadtentwicklung und Wohnen,"Hamburg, Deutschland",IT-Stellen,,,,,2026-05-03,"IT-Notfallbeauftragte:r bzw. IT-Notfallmanager:in Behörde für Stadtentwicklung und Wohnen, Amt für Bauordnung und Hochbau, Bundesbauabteilung Job-ID: J000041542 Startdatum: schnellstmöglich Art der Anstellung: Vollzeit/Teilzeit (unbefristet) Bezahlung: EGr. 13 TV-L, BesGr. A13 HmbBesG Bewerbungsfris",IT,https://www.adzuna.de/land/ad/5717901088?se=Xh0gUeJH8RGldLZhYZiz6Q&utm_medium=api&utm_source=c5693b3d&v=A9589569027CB62CDCA51B8FCA733A0C700D38DD
5713736937,IT-Notfallbeauftragte:r bzw. IT-Notfallmanager:in,Behörde für Stadtentwicklung und Wohnen,"Hamburg-Altstadt, Hamburg",Sonstige/Allgemeine Stellen,,full_time,,,2026-04-29,"Einleitung IT-Notfallbeauftragte:r bzw. IT-Notfallmanager:in Behörde für Stadtentwicklung und Wohnen, Amt für Bauordnung und Hochbau, Bundesbauabteilung Job-ID: J000041542 Startdatum: schnellstmöglich Art der Anstellung: Vollzeit/Teilzeit (unbefristet) Bezahlung: EGr. 13 TV-L, BesGr. A13 HmbBesG Bew",IT,https://www.adzuna.de/land/ad/5713736937?se=Xh0gUeJH8RGldLZhYZiz6Q&utm_medium=api&utm_source=c5693b3d&v=528166413041470FC16C995B7503FF08104CB144
5718633110,Cybersecurity Specialist (m/w/d),enercity AG,"Hannover, Region Hannover (Kreis)",Unknown,,,,,2026-05-04,"Willkommen bei enercity, einem der führenden Energieversorger in Deutschland. Mit unserem Hauptsitz in Hannover sind wir stolz darauf, unseren Kunden maßgeschneiderte Energie- und Wasserdienstleistungen anzubieten. Unser Ziel ist es, eine nachhaltige und effiziente Energiezukunft für alle zu schaffe",IT,https://www.adzuna.de/land/ad/5718633110?se=Xh0gUeJH8RGldLZhYZiz6Q&utm_medium=api&utm_source=c5693b3d&v=E814858E7467415C99D674EE8A30537526A90D2B
5713711059,IT-Notfallbeauftragte:r bzw. IT-Notfallmanager:in,Behörde für Stadtentwicklung und Wohnen,"Hamburg-Altstadt, Hamburg",Unknown,permanent,,,,2026-04-29,"IT-Notfallbeauftragte:r bzw. IT-Notfallmanager:in Behörde für Stadtentwicklung und Wohnen, Amt für Bauordnung und Hochbau, Bundesbauabteilung Job-ID: J000041542 Startdatum: schnellstmöglich Art der Anstellung: Vollzeit/Teilzeit (unbefristet) Bezahlung: EGr. 13 TV-L BesGr. A13 HmbBesG Bewerbungsfrist",IT,https://www.adzuna.de/land/ad/5713711059?se=Xh0gUeJH8RGldLZhYZiz6Q&utm_medium=api&utm_source=c5693b3d&v=164B7C1B67ED0F7C79A2B0870FB69F2A7115B7B6
5710199946,Cybersecurity Specialist (m/w/d),enercity AG,"Calenberger Neustadt, Hannover",Unknown,,,,,2026-04-25,"Job-ID: J2026007 Cybersecurity Specialist (m/w/d) Hannover Hybrid Vollzeit Bei uns ist jede Person, unabhängig des Geschlechts, der Nationalität oder der ethnischen Herkunft, der Religion oder der Weltanschauung, einer Behinderung, des Alters sowie der sexuellen Identität willkommen. Aufgaben Als Cy",IT,https://www.adzuna.de/land/ad/5710199946?se=Xh0gUeJH8RGldLZhYZiz6Q&utm_medium=api&utm_source=c5693b3d&v=E40F73745C72771397B997D9590ACAA4CB0428FF
5718400418,Bachelor of Science in IT Security (m/w/d) - Ulm,Stadt Ulm,"Mitte, Ulm",IT-Stellen,,full_time,16323.0,17569.0,2026-05-04,"Salary: 16.323 - 17.569 € per year Requirements: Allgemeine Hochschulreife, fachgebundene Hochschulreife oder Fachhochschulreife mit bestandenem Studierfähigkeitstest Interesse an IT-Sicherheit und Cybersecurity Fähigkeit, moderne Tools und Systeme zu nutzen Kreativität bei der Entwicklung von Siche",IT,https://www.adzuna.de/details/5718400418?utm_medium=api&utm_source=c5693b3d
5717819897,DevOps Engineer (m/w/d),Optimus Search,"Aachen, Aachen (Kreis)",Unknown,permanent,part_time,,,2026-05-03,"About usEin international tätiges Unternehmen im Bereich IT-Sicherheit und Cybersecurity-Lösungen entwickelt seit vielen Jahren innovative Technologien zur Absicherung sensibler Daten und Systeme. Mit einem starken Fokus auf Qualität, Zuverlässigkeit und zertifizierte Sicherheitsstandards betreut da",IT,https://www.adzuna.de/details/5717819897?utm_medium=api&utm_source=c5693b3d
5716601079,DevOps Engineer,DJB,"Aachen, Aachen (Kreis)",Unknown,,,,,2026-05-02,"About us Ein international tätiges Unternehmen im Bereich IT-Sicherheit und Cybersecurity-Lösungen entwickelt seit vielen Jahren innovative Technologien zur Absicherung sensibler Daten und Systeme. Mit einem starken Fokus auf Qualität, Zuverlässigkeit und zertifizierte Sicherheitsstandards betreut d",IT,https://www.adzuna.de/details/5716601079?utm_medium=api&utm_source=c5693b3d
5638989219,IT-Systemadministrator (m/w/d),experts for professionals,"Chemnitz (Kreis), Sachsen",Unknown,,,,,2026-02-21,"IT-Systemadministrator (m/w/d) Experten. Talente. Persönlichkeiten. Einfach exzellente Aussichten! Wir sind eine Marke der I. K. Hofmann GmbH und bieten die besten Jobs für Fach- und Führungskräfte bei renommierten Unternehmen. Ihre Leidenschaft ist es, IT-Infrastrukturen nicht nur am Laufen zu halt",IT,https://www.adzuna.de/details/5638989219?utm_medium=api&utm_source=c5693b3d
5718399838,IT-Administrator (m/w/d) Workplace & Cloud,Scherr+Klimke AG,"Ludwigsfeld, Neu-Ulm",IT-Stellen,,full_time,48000.0,88000.0,2026-05-04,"Salary: 48.000 - 88.000 € per year Requirements: Erfolgreich abgeschlossene IT-Ausbildung oder ein Studium (z. B. Informatik, IT-Sicherheit, Cybersecurity, Netzwerk- und Systemadministration, Software Engineering, Kommunikationstechnik, Informationstechnik, System Engineering, Digital Engineering, D",IT,https://www.adzuna.de/details/5718399838?utm_medium=api&utm_source=c5693b3d
4976100979,Spezialist IT-Infrastruktur (m/w/d),FERCHAU GmbH,"Laurensberg, Aachen",Unknown,,,,,2024-12-13,"Die besten Köpfe für die unterschiedlichsten Aufgaben zu finden sowie Menschen und Technologien zu verbinden, und zwar täglich aufs Neue - dafür schätzen unsere Kunden FERCHAU. Unterstütze uns: als ambitionierte:r Kolleg:in, der:die wie wir Technologien auf die nächste Stufe bringen möchte. Wir real",IT,https://www.adzuna.de/details/4976100979?utm_medium=api&utm_source=c5693b3d
5716858370,DevOps Engineer (m/w/d),Optimus Search,"Laurensberg, Aachen",Unknown,,,,,2026-05-02,"About us Ein international t&auml;tiges Unternehmen im Bereich IT-Sicherheit und Cybersecurity-L&ouml;sungen entwickelt seit vielen Jahren innovative Technologien zur Absicherung sensibler Daten und Systeme. Mit einem starken Fokus auf Qualit&auml;t, Zuverl&auml;ssigkeit und zertifizierte Sicherheit",IT,https://www.adzuna.de/details/5716858370?utm_medium=api&utm_source=c5693b3d
5718399341,DevOps Engineer (m/w/d),Optimus Search,"Prenzlauer Berg, Berlin",IT-Stellen,,full_time,60000.0,80000.0,2026-05-04,Salary: 60.000 - 80.000 € per year Requirements: Abgeschlossene Ausbildung oder Studium im IT-Bereich (z. B. Fachinformatiker) oder vergleichbare Qualifikation Mindestens 5 Jahre Berufserfahrung in einer vergleichbaren Position Fundierte Kenntnisse in der Administration von Linux- und Windows-Server,IT,https://www.adzuna.de/details/5718399341?utm_medium=api&utm_source=c5693b3d
5718400262,DevOps Engineer (m/w/d) - Aachen,Optimus Search,"Prenzlauer Berg, Berlin",IT-Stellen,,full_time,60000.0,80000.0,2026-05-04,Salary: 60.000 - 80.000 € per year Requirements: Abgeschlossene Ausbildung oder Studium im IT-Bereich (z. B. Fachinformatiker) oder vergleichbare Qualifikation Mindestens 5 Jahre Berufserfahrung in einer vergleichbaren Position Fundierte Kenntnisse in folgenden Bereichen: - Administration von Linux-,IT,https://www.adzuna.de/details/5718400262?utm_medium=api&utm_source=c5693b3d
5696986590,Wirtschaftsjurist Datenschutz (all genders),Forvis Mazars,"Hamburg, Deutschland",Beraterstellen,,,,,2026-04-11,"Wir sind Forvis Mazars und du findest uns in mehr als 100 Ländern , weil wir aus Audit, Tax und Advisory weltweit nicht wegzudenken sind. Als integrierte Partnerschaft mit über 40.000 Professionals , davon mehr als 2.700 an 13 deutschen Standorten , gehören wir zu den führenden Prüfungs- und Beratun",IT,https://www.adzuna.de/details/5696986590?utm_medium=api&utm_source=c5693b3d
5658901779,Cybersecurity Specialist (m/w/d),enercity,"Ricklingen, Hannover",Unknown,,full_time,,,2026-03-09,"Aufgaben Als Cybersecurity Specialist gestaltest du sichere IT‑Systeme, Netzwerke und Cloud‑Umgebungen und sorgst dafür, dass moderne Technologien zuverlässig geschützt sind. Mit deinem Blick fürs Ganze entwickelst du Sicherheitskonzepte, die messbar wirken und für klare Strukturen sorgen. Du analys",IT,https://www.adzuna.de/details/5658901779?utm_medium=api&utm_source=c5693b3d
5712866858,Wirtschaftsinformatiker als IT-Notfallbeauftragter (m/w/d),hamburg.de GmbH & Co. KG,"Neuland, Hamburg",Unknown,,,,,2026-04-28,"IT-Notfallbeauftragte:r bzw. IT-Notfallmanager:in Behörde für Stadtentwicklung und Wohnen, Amt für Bauordnung und Hochbau, Bundesbauabteilung Job-ID: J000041542 Startdatum: schnellstmöglich Art der Anstellung: Vollzeit/Teilzeit (unbefristet) Bezahlung: EGr. 13 TV-L, BesGr. A13 HmbBesG Bewerbungsfris",IT,https://www.adzuna.de/details/5712866858?utm_medium=api&utm_source=c5693b3d
5714671258,"Informatiker, Wirtschaftsinformatiker - IT-Notfallmanager (m/w/d)","Freie und Hansestadt Hamburg, Behörde für Stadtentwicklung und Wohnen","Eilbek, Hamburg",Unknown,,,,,2026-04-30,"IT-Notfallbeauftragte:r bzw. IT-Notfallmanager:in Behörde für Stadtentwicklung und Wohnen, Amt für Bauordnung und Hochbau, Bundesbauabteilung Job-ID: J000041542 Startdatum: schnellstmöglich Art der Anstellung: Vollzeit/Teilzeit (unbefristet) Bezahlung: EGr. 13 TV-L, BesGr. A13 HmbBesG Bewerbungsfris",IT,https://www.adzuna.de/details/5714671258?utm_medium=api&utm_source=c5693b3d
5712866866,Wirtschaftsinformatiker - IT Notfallmanagement (m/w/d),hamburg.de GmbH & Co. KG,"Neuland, Hamburg",Unknown,,,,,2026-04-28,"IT-Notfallbeauftragte:r bzw. IT-Notfallmanager:in Behörde für Stadtentwicklung und Wohnen, Amt für Bauordnung und Hochbau, Bundesbauabteilung Job-ID: J000041542 Startdatum: schnellstmöglich Art der Anstellung: Vollzeit/Teilzeit (unbefristet) Bezahlung: EGr. 13 TV-L, BesGr. A13 HmbBesG Bewerbungsfris",IT,https://www.adzuna.de/details/5712866866?utm_medium=api&utm_source=c5693b3d
5715278597,Fallmanager,DJB,"Hamburg, Deutschland",Unknown,,,,,2026-05-01,"Einleitung IT-Notfallbeauftragte:r bzw. IT-Notfallmanager:in Behörde für Stadtentwicklung und Wohnen, Amt für Bauordnung und Hochbau, Bundesbauabteilung Job-ID: J Startdatum: schnellstmöglich Art der Anstellung: Vollzeit/Teilzeit (unbefristet) Bezahlung: EGr. 13 TV-L, BesGr. A13 HmbBesG Bewerbungsfr",IT,https://www.adzuna.de/details/5715278597?utm_medium=api&utm_source=c5693b3d
5717771717,Wir suchen: IT-Notfallbeauftragte:r bzw. IT-Notfallmanager:in,Behörde für Stadtentwicklung und Wohnen,"Hamburg-Altstadt, Hamburg",Unknown,,,,,2026-05-03,"EinleitungIT-Notfallbeauftragte:r bzw. IT-Notfallmanager:inBehörde für Stadtentwicklung und Wohnen, Amt für Bauordnung und Hochbau, BundesbauabteilungJob-ID: J000041542Startdatum: schnellstmöglichArt der Anstellung: Vollzeit/Teilzeit (unbefristet)Bezahlung: EGr. 13 TV-L, BesGr. A13 HmbBesGBewerbungs",IT,https://www.adzuna.de/details/5717771717?utm_medium=api&utm_source=c5693b3d
5718334972,IT-Notfallbeauftragte:r bzw. IT-Notfallmanager:in (m/w/d),Behörde für Stadtentwicklung und Wohnen,"Hamburg, Deutschland",Unknown,permanent,part_time,,,2026-05-04,"EinleitungIT-Notfallbeauftragte:r bzw. IT-Notfallmanager:inBehörde für Stadtentwicklung und Wohnen, Amt für Bauordnung und Hochbau, BundesbauabteilungJob-ID: J Startdatum: schnellstmöglichArt der Anstellung: Vollzeit/Teilzeit (unbefristet)Bezahlung: EGr. 13 TV-L, BesGr. A13 HmbBesGBewerbungsfrist: W",IT,https://www.adzuna.de/details/5718334972?utm_medium=api&utm_source=c5693b3d
5716862247,IT-Notfallbeauftragte:r bzw. IT-Notfallmanager:in,Behörde für Stadtentwicklung und Wohnen,"Hamburg-Altstadt, Hamburg",Unknown,,,,,2026-05-02,"Einleitung IT-Notfallbeauftragte:r bzw. IT-Notfallmanager:in Beh&ouml;rde f&uuml;r Stadtentwicklung und Wohnen, Amt f&uuml;r Bauordnung und Hochbau, Bundesbauabteilung Job-ID: J Startdatum: schnellstm&ouml;glich Art der Anstellung: Vollzeit/Teilzeit (unbefristet) Bezahlung: EGr. 13 TV-L, BesGr. A13 ",IT,https://www.adzuna.de/details/5716862247?utm_medium=api&utm_source=c5693b3d
5718489670,AI Security (Senior) Consultant (m/w/d),TRUSTEQ GmbH,"Ludwigsvorstadt-Isarvorstadt, München",Unknown,,full_time,,,2026-05-04,"DEINE AUFGABEN Du analysierst Geschäftsprozesse, Organisationsstrukturen oder technische Systeme und identifizierst Optimierungspotenziale durch den Einsatz von KI. Zusätzlich im Senior Level: Du berätst Kunden bei der sicheren Einführung und Nutzung von KI-Lösungen und unterstützt sie dabei, Chance",IT,https://www.adzuna.de/details/5718489670?utm_medium=api&utm_source=c5693b3d
5694883246,Vendor Manager,Exclusive Networks,Deutschland,Unknown,,full_time,,,2026-04-09,"EXCLUSIVE NETWORKS Exclusive Networks ist ein erfahrener globaler Cybersecurity-Spezialist, der seinen Partnern eine Vielzahl von Dienstleistungen und ein bewährtes Produktportfolio bietet und seinen Mitarbeitern ein schönes und familiäres Arbeitsumfeld bereitstellt. Mit Niederlassungen in mehr als ",IT,https://www.adzuna.de/details/5694883246?utm_medium=api&utm_source=c5693b3d
5694906815,Vendor Manager,Exclusive Networks,Deutschland,Unknown,,full_time,,,2026-04-09,"Vendor Manager Remote Germany Full time EXCLUSIVE NETWORKS Exclusive Networks ist ein erfahrener globaler Cybersecurity-Spezialist, der seinen Partnern eine Vielzahl von Dienstleistungen und ein bewährtes Produktportfolio bietet und seinen Mitarbeitern ein schönes und familiäres Arbeitsumfeld bereit",IT,https://www.adzuna.de/details/5694906815?utm_medium=api&utm_source=c5693b3d
5679796371,Steuerberater Syndikus (m|w|d),ADMIRAL Entertainment Holding Germany GmbH,"Pfullendorf, Sigmaringen (Kreis)",Unknown,,full_time,,,2026-03-27,ADMIRAL Entertainment Holding Germany GmbH | online seit: 13.02.2026 ÜBER UNS Mit der ADMIRAL Entertainment Holding Germany GmbH stehen wir in der langjährigen Tradition innovativen Automatenspiels. 1966 wurde in Pfullendorf unter dem Namen Restle Automaten das Vorgängerunternehmen von ADMIRAL Enter,Wirtschaft,https://www.adzuna.de/land/ad/5679796371?se=Fus9U-JH8RGldLZhYZiz6Q&utm_medium=api&utm_source=c5693b3d&v=AC13333B9749C85C0B37424C5FC81E09C91D8C5C
5374894835,Steuerberater - Buchhaltung / Controlling / Finance / BWL (m/w/d),Workwise GmbH,"Bremke, Iserlohn",Stellen aus Buchhaltung & Finanzwesen,,full_time,,,2025-08-30,"Über das Unternehmen Wir sind in allen Bereichen der steuer- und betriebswirtschaftlichen Beratung tätig und bieten Privatpersonen, Freiberuflern und Unternehmen mit unterschiedlichen Rechtsformen eine vorausschauende und maßgeschneiderte Lösung für eine sinnvolle steuerliche Gestaltung an. Die pers",Wirtschaft,https://www.adzuna.de/details/5374894835?utm_medium=api&utm_source=c5693b3d
5374902288,Steuerberater - Buchhaltung / Controlling / Finance / DATEV (m/w/d),Workwise GmbH,"Blasewitz, Dresden",Stellen aus Buchhaltung & Finanzwesen,,full_time,,,2025-08-30,"Über das Unternehmen Wir sind eine unab­hän­gige und part­ner­ge­führte Wirt­schafts­prü­fungs- und Steu­er­be­ra­tungs­ge­sell­schaft mit Stand­orten in München, Dresden und Chem­nitz. Wir verstehen uns als Ihr Partner in allen steu­er­li­chen und wirt­schaft­li­chen Belangen. Unser Verständnis von",Wirtschaft,https://www.adzuna.de/details/5374902288?utm_medium=api&utm_source=c5693b3d
4935867461,Finance Manager - Buchhaltung / Controlling / DATEV (m/w/d),Workwise GmbH,"Au-Haidhausen, München",Stellen aus Buchhaltung & Finanzwesen,,full_time,,,2024-11-12,"Über das Unternehmen Revolutioniere mit uns die Parkraumbewirtschaftung! Gestalte die Zukunft mit digitalen Lösungen und einem dynamischen Team. Wir bieten unseren Kunden digitale Lösungen zur Parkraumbewirtschaftung. Wir ersetzen Schranken, Papiertickets und Parkscheiben durch barrierefreies Parken",Wirtschaft,https://www.adzuna.de/details/4935867461?utm_medium=api&utm_source=c5693b3d
5702358079,Referent Finance Operations & Reporting (m/w/d),FINNOFLEET GmbH,"Mörfelden-Walldorf, Groß-Gerau (Kreis)",Unknown,,full_time,,,2026-04-17,Informationen zum Job Komm an Bord unserer FINNOFLEET Crew Zur Verstärkung unseres Teams suchen wir zum nächstmöglichen Zeitpunkt: Referent Finance Operations & Reporting (m/w/d) Standort Mörfelden-Walldorf / Hybrid | Vollzeit | ab sofort Als Referent der Geschäftsführung Finance Operations & Report,Wirtschaft,https://www.adzuna.de/details/5702358079?utm_medium=api&utm_source=c5693b3d
5710984978,Steuerberater Syndikus (m w d),ADMIRAL Entertainment Holding Germany GmbH,"Pfullendorf, Sigmaringen (Kreis)",Beraterstellen,,,,,2026-04-26,ADMIRAL Entertainment Holding Germany GmbH online seit: 13.02.2026 ÜBER UNS Mit der ADMIRAL Entertainment Holding Germany GmbH stehen wir in der langjährigen Tradition innovativen Automatenspiels. 1966 wurde in Pfullendorf unter dem Namen Restle Automaten das Vorgängerunternehmen von ADMIRAL Enterta,Wirtschaft,https://www.adzuna.de/details/5710984978?utm_medium=api&utm_source=c5693b3d
5687794825,Product Owner (m/w/d) Finance & Controlling,List Ag,"Nordhorn, Grafschaft Bentheim (Kreis)",Stellen aus Buchhaltung & Finanzwesen,,full_time,,,2026-04-02,"Die LIST Gruppe ist ein Bau- und Immobiliendienstleister mit einem besonderen Leistungsspektrum. Mit über 800 Mitarbeiter:innen entwickeln, planen, bauen und revitalisieren wir Immobilien in ganz Deutschland. Mit besonderem Know-how für BIM-Prozesse und eigenen Nachhaltigkeits-Spezialist:innen gesta",Wirtschaft,https://www.adzuna.de/details/5687794825?utm_medium=api&utm_source=c5693b3d
5687892941,Product Owner (m/w/d) Finance & Controlling (BI / Reporting / ERP),List Ag,Deutschland,Unknown,,full_time,,,2026-04-02,"Die LIST Gruppe ist ein Bau- und Immobiliendienstleister mit einem besonderen Leistungsspektrum. Mit über 800 Mitarbeiter:innen entwickeln, planen, bauen und revitalisieren wir Immobilien in ganz Deutschland. Mit besonderem Know-how für BIM-Prozesse und eigenen Nachhaltigkeits-Spezialist:innen gesta",Wirtschaft,https://www.adzuna.de/details/5687892941?utm_medium=api&utm_source=c5693b3d
5716230238,Dualer Master: Junior Finance & Accounting Specialist (m/w/d),Saphir Deutschland,"HafenCity, Hamburg",Stellen aus Buchhaltung & Finanzwesen,,full_time,,,2026-05-01,"Was erwartet dich? Buchhaltung: Mitarbeit bei allen Aufgaben von Zahlungsverkehr, Abrechnungen bis zu Monats- und Jahresabschlüssen Controlling & Accounting-Projekte: Unterstützung bei strategischen Projekten im Accounting, Controlling und IT Methoden & Prozessentwicklung: Mitwirkung bei der Erarbei",Wirtschaft,https://www.adzuna.de/details/5716230238?utm_medium=api&utm_source=c5693b3d
4565789570,Duales Studium im Studiengang Finanzwirtschaft - Bank - Bachelor of Science (m/w) an der Berufsakademie Sachsen in Dresden,"Berufsakademie Sachsen, Staatliche Studienakademie Dresden, Studiengänge Betriebswirtschaft, Finanzwirtschaft, Steuern/Prüfungsw","Dresden, Sachsen",IT-Stellen,,part_time,,,2024-02-12,"Mit erfolgreichen Abschluss des dualen Studiums der Fachrichtung Finanzwirtschaft – Bank (Bachelor of Science) an der Berufsakademie Sachsen in Dresden erwerben Absolventen die Kompetenzen und Qualifikation für folgende Funktionsbereichen/Abteilungen: in Kreditinstituten, Controlling, Risikomanageme",Wirtschaft,https://www.adzuna.de/details/4565789570?utm_medium=api&utm_source=c5693b3d
5714862301,Controller / Finance Manager (m/w/d),I. K. Hofmann GmbH,"Nürnberg, Bayern",Unknown,,,,,2026-04-30,"Controller / Finance Manager (m/w/d) Verschiedene Auszeichnungen und Zertifikate von namhaften Institutionen, dazu gehören zum Beispiel Great Place to Work, Audit Beruf und Familie, sowie der Deutsche Qualitätspreis, belegen unsere Arbeitsplatz- und Dienstleistungsqualität. Unser Kunde ist ein etabl",Wirtschaft,https://www.adzuna.de/details/5714862301?utm_medium=api&utm_source=c5693b3d
5717417207,Lead Finance & Controlling (m/w/d),höfats GmbH,Deutschland,Unknown,,,,,2026-05-03,"LEAD FINANCE & CONTROLLING (m/w/d) (Digitalisierung | Verantwortung | Wirkung) höfats steht für Design, für Atmosphäre, für dieses eine Gefühl: Menschen versammeln sich ums Feuer und bleiben länger als geplant. Damit wir unser Wachstum nachhaltig steuern, suchen wir jemanden, der Zahlen nicht nur ve",Wirtschaft,https://www.adzuna.de/details/5717417207?utm_medium=api&utm_source=c5693b3d
5698566770,Junior Specialist Controlling (m/w/d) in Landshut,mgm technology partners GmbH von bms,"Landshut, Landshut (Kreis)",IT-Stellen,,full_time,,,2026-04-14,"Bei mgm gestalten wir seit über drei Jahrzehnten die Digitalisierung führender Unternehmen und öffentlicher Verwaltungen - mit komplexen Enterprise-Softwarelösungen, die wirklich etwas bewegen. Projekte wie das ELSTEROnline-Portal für die digitale Steuererklärung von Millionen Bürger:innen, der Aufb",Wirtschaft,https://www.adzuna.de/details/5698566770?utm_medium=api&utm_source=c5693b3d
5698566840,Junior Specialist Controlling (m/w/d) in Leipzig,mgm technology partners GmbH von bms,"Leipzig, Leipzig (Kreis)",IT-Stellen,,full_time,,,2026-04-14,"Bei mgm gestalten wir seit über drei Jahrzehnten die Digitalisierung führender Unternehmen und öffentlicher Verwaltungen - mit komplexen Enterprise-Softwarelösungen, die wirklich etwas bewegen. Projekte wie das ELSTEROnline-Portal für die digitale Steuererklärung von Millionen Bürger:innen, der Aufb",Wirtschaft,https://www.adzuna.de/details/5698566840?utm_medium=api&utm_source=c5693b3d
5708902461,Werkstudent:in Finanzbuchhaltung (m/w/d) in Dresden,TUDAG TU Dresden Aktiengesellschaft von OFFICEsax.de,"Dresden, Sachsen",IT-Stellen,,part_time,,,2026-04-24,"Die GWT – Gesellschaft für Wissens- und Technologietransfer mbH ist seit 30 Jahren der wirtschaftliche Partner der Exzellenzuniversität TU Dresden . Dabei unterstützt die GWT, Wissenschaftler und Ärzte im Bereich der industriellen und klinischen Auftragsforschung . Die GWT verfügt über ein zertifizi",Wirtschaft,https://www.adzuna.de/details/5708902461?utm_medium=api&utm_source=c5693b3d
5688139826,Junior Specialist Controlling & Finance (m/w/d) in München,mgm technology partners GmbH von OFFICEbavaria.de,"München, München (Kreis)",IT-Stellen,,full_time,,,2026-04-03,"Bei mgm gestalten wir seit über drei Jahrzehnten die Digitalisierung führender Unternehmen und öffentlicher Verwaltungen - mit komplexen Enterprise-Softwarelösungen, die wirklich etwas bewegen. Projekte wie das ELSTEROnline-Portal für die digitale Steuererklärung von Millionen Bürger:innen, der Aufb",Wirtschaft,https://www.adzuna.de/details/5688139826?utm_medium=api&utm_source=c5693b3d
5707934421,"Dualer Master: Junior Finance & Accounting Specialist (m/w/d), Melosch (MM260220/12463)",Steinbeis school of International Business and Entrepreneurship,"Altona-Altstadt, Hamburg",Stellen für Hochschulabsolventen,,,,,2026-04-23,"SIBE SteinbeisHochschule Master DualerMaster MBA International Management Projektmanagement Finanzen Buchhaltung Controlling AssistenzCFO MeloschExport Du hast Deinen Bachelorabschluss in der Tasche und möchtest nun im Master durchstarten? Macht es Dir Spaß, Studieninhalte sofort in die Praxis umzus",Wirtschaft,https://www.adzuna.de/details/5707934421?utm_medium=api&utm_source=c5693b3d
5529626950,Ausbildung Kaufmann/ -frau für Büromanagement (m/w/d),TOOLPORT,"Norderstedt, Segeberg (Kreis)",Unknown,,full_time,,,2025-12-05,Wir sind ein erfolgreiches E-Commerce-Unternehmen und Spezialist für professionelle Zeltlösungen und Gartenprodukte – von Partyzelten und Gewächshäusern bis hin zu Weidezelten und großen Lagerhallen. Mit 18 eigenen Online-Shops sind wir weltweit aktiv. An unserem Standort direkt an der Hamburger Gre,Wirtschaft,https://www.adzuna.de/details/5529626950?utm_medium=api&utm_source=c5693b3d
5709906086,Buchhalter (m/w/d) (München) in Grasbrunn,accompio GmbH von OFFICEbavaria.de,"Grasbrunn, München (Kreis)",IT-Stellen,,full_time,,,2026-04-25,"Die accompio ist eine Private-Equity-getragene IT-Unternehmensgruppe, die mit rund 700 Spezialist:innen an 19 Standorten in Deutschland, Österreich, Ungarn und Bulgarien ein starkes Fundament bildet. Gemeinsam verfolgen wir eine Mission: Ein starkes Powerhouse aus Expert:innen zu bilden, das unseren",Wirtschaft,https://www.adzuna.de/details/5709906086?utm_medium=api&utm_source=c5693b3d
5664190185,Praktikant Content Management im Online-Marketing von Vodafone Business (m/w/d) in Düsseldorf,Vodafone,"Düsseldorf, Nordrhein-Westfalen",Unknown,,full_time,,,2026-03-13,"Praktikant Content Management im Online-Marketing von Vodafone Business (m/w/d) in Düsseldorf Bei Vodafone arbeiten wir jeden Tag an einer besseren Zukunft. Für eine Welt, die besser vernetzt, inklusiver und nachhaltiger ist. Denn für uns ist Technologie nur so stark wie die Menschen, die sie nutzen",Wirtschaft,https://www.adzuna.de/details/5664190185?utm_medium=api&utm_source=c5693b3d
5572605191,Duales Studium BWL Industrie - Start 2026,Weig Holding & Co. KG,"Mayen, Mayen-Koblenz (Kreis)",Unknown,,full_time,,,2026-01-07,"Dual study program in industrial business administration – starting in 2026 The dual study program “Business Administration - Industry” provides students with specialist knowledge in the areas of customer service, consulting and sales, market research and observation, planning, use and control of ma",Wirtschaft,https://www.adzuna.de/details/5572605191?utm_medium=api&utm_source=c5693b3d
5618089090,PR-Praktikum,TBN Public Relations GmbH,Deutschland,IT-Stellen,contract,,,,2026-02-06,äber das Unternehmen: Wir gestalten die Zukunft der B2B-Kommunikation TBN Public Relations ist eine der innovativsten PR-Agenturen – der Spezialist für Content Marketing und Lead Management im Business-to-Business. Mit langjähriger Erfahrung in vielen Dienstleistungs- und Industrie-Branchen. Wir ste,Wirtschaft,https://www.adzuna.de/details/5618089090?utm_medium=api&utm_source=c5693b3d
5717125253,Senior Project Manager – Retail Strategy & Experience (f/m/x) @ Carl Zeiss Extended Reality (XRX),ZEISS,"Aalen, Ostalbkreis",Beraterstellen,,,,,2026-05-02,"Step out of your comfort zone, excel and redefine the limits of what is possible. That's just what our employees are doing every single day – in order to set the pace through our innovations and enable outstanding achievements. After all, behind every successful company are many great fascinating pe",Wirtschaft,https://www.adzuna.de/land/ad/5717125253?se=IgAQVuJH8RGldLZhYZiz6Q&utm_medium=api&utm_source=c5693b3d&v=4E5862519F1D13D7F8D6A890876CC270B3AB5094
5713885568,Digital Marketing Sales Associate with German (all genders),Accenture,Deutschland,"Stellen aus PR, Werbung & Marketing",,full_time,,,2026-04-29,"Deine Mission Wenn du Sales Funnel hörst, freust du dich auf eine aufregende Marketing-Achterbahnfahrt? Spitze, dann wartet dein persönliches Karriere-Upgrade auf dich – und zwar bei Accenture. Wir sind ein globales Beratungs- und Technologieunternehmen, digitales Innovationszentrum und zukunftsweis",Wirtschaft,https://www.adzuna.de/details/5713885568?utm_medium=api&utm_source=c5693b3d
5717125046,(Senior) Product Manager (m/w/d),BFS health finance GmbH,"Dortmund, Nordrhein-Westfalen","Stellen aus PR, Werbung & Marketing",,,,,2026-05-02,"Wer wir sind: BFS health finance nimmt Mediziner:innen alles ab, was Zeit frisst: Vom Zahlungsstrommanagement über die Sicherung von Honoraren bis hin zur Beratung im Praxismanagement. BFS vertrauen tausende Zahnärzt:innen, Ärzt:innen, Tierärzt:innen, Dentallabore, medizinische Versorgungszentren so",Wirtschaft,https://www.adzuna.de/land/ad/5717125046?se=IgAQVuJH8RGldLZhYZiz6Q&utm_medium=api&utm_source=c5693b3d&v=4986E396205E6F074A8D2932319C8A19BD2CE94B
5712831317,Dozent (m/w/d) für die Umschulung zur Fachkraft für Schutz und Sicherheit (Bundesweit),"COMCAVE.COLLEGE® GmbH, your source of knowledge","Barop, Dortmund",Sonstige/Allgemeine Stellen,,full_time,,,2026-04-28,"Über uns Seit über 20 Jahren arbeiten wir bundesweit als starkes Team zusammen, um Erwachsenen neue berufliche Perspektiven zu eröffnen. Wir begleiten Teilnehmer auf ihrem Bildungsweg in Bereichen wie IT, Marketing, Medien, kaufmännisches Wissen sowie Management und Business. Als Teil unseres cross-",Wirtschaft,https://www.adzuna.de/land/ad/5712831317?se=IgAQVuJH8RGldLZhYZiz6Q&utm_medium=api&utm_source=c5693b3d&v=41FB603A365D8F1C8CCA84CBB1EC10CAE90DF82A
5433185897,International Administration Manager ESA - Fachrichtung Marketing Management,Euro Akademie Trier,"Innenstadt, Trier",Unknown,,,,,2025-10-05,"Du beschäftigst dich mit Werbung, Verkaufsförderung sowie Presse- und Öffentlichkeitsarbeit? Mit unserem ESA-Bildungsgang hast du die Möglichkeit, dich für einen Beruf mit umfangreichen Jobchancen zu qualifizieren. Gut qualifiziert für die Marketing- und Kommunikationsbranche Der Ausbildungsgang ""In",Wirtschaft,https://www.adzuna.de/details/5433185897?utm_medium=api&utm_source=c5693b3d
5416356657,International Administration Manager ESA - Fachrichtung Marketing Management,Euro Akademie Oldenburg,"Eversten, Oldenburg",Unknown,,,,,2025-09-26,"Du beschäftigst dich mit Werbung, Verkaufsförderung sowie Presse- und Öffentlichkeitsarbeit? Mit unserem ESA-Bildungsgang hast du die Möglichkeit, dich für einen Beruf mit umfangreichen Jobchancen zu qualifizieren. Gut qualifiziert für die Marketing- und Kommunikationsbranche Der Ausbildungsgang ""In",Wirtschaft,https://www.adzuna.de/details/5416356657?utm_medium=api&utm_source=c5693b3d
4976734262,Spontaneous Application Hamburg,MicroHarvest,"Eißendorf, Hamburg",Unknown,,full_time,,,2024-12-13," Join the MicroHarvest Talent Pool!  Are you passionate about shaping the future of food, innovation, and sustainability? At MicroHarvest , we’re on a mission to revolutionize how the world eats with sustainable, nutritious, and delicious alternatives powered by cutting-edge science. While we may no",Wirtschaft,https://www.adzuna.de/details/4976734262?utm_medium=api&utm_source=c5693b3d
5693250397,Pflichtpraktikum in der Marketingkommunikation,Robert Bosch GmbH,"Feuerbach, Stuttgart",Unknown,,full_time,,,2026-04-08,"Pflichtpraktikum in der Marketingkommunikation Wernerstraße 51, 70469 Stuttgart, Deutschland Vollzeit Robert Bosch GmbH Unternehmensbeschreibung Bei Bosch gestalten wir Zukunft mit hochwertigen Technologien und Dienstleistungen, die Begeisterung wecken und das Leben der Menschen verbessern. Unser Ve",Wirtschaft,https://www.adzuna.de/details/5693250397?utm_medium=api&utm_source=c5693b3d
5703847034,Senior SAP Account und Sales Manager (m/w/d),Scheer IDS Germany,"Regionalverband Saarbrücken (Kreis), Saarland",Unknown,,full_time,,,2026-04-18,Du hast Vertrieb im Blut und fühlst Dich im Umfeld der SAP-zentrischen Transformationsprojekten im Mittelstand idealerweise der Konsumgüter- und Handelsbranche sowie in der Consultingbranche zuhause? Dann könnte diese Sales Position genau die Richtige für Dich sein! Deine Aufgaben Industrie-zentrisc,Wirtschaft,https://www.adzuna.de/details/5703847034?utm_medium=api&utm_source=c5693b3d
5449052506,Duales Studium Wirtschaftsingenieurwesen Internationaler Vertrieb und Einkauf (B.Eng.) (m/w/d),HAW Kiel Hochschule für Angewandte Wissenschaften,"Neumühlen-Dietrichsdorf, Kiel",Unknown,,,,,2025-10-15,"Duales Studium Wirtschaftsingenieurwesen Internationaler Vertrieb und Einkauf (B.Eng.) Unterrichtssprache : Deutsch Immatrikulation : jeweils zum Wintersemester (zulassungsfrei) Deine Zukunft mit einem IVE-Studium Tätigkeiten im Bereich des Verkaufs, der Beschaffung und der Konzeption hochwertiger t",Wirtschaft,https://www.adzuna.de/details/5449052506?utm_medium=api&utm_source=c5693b3d
5696070448,Marketing Internship - Germany (m/w/d),Nike,Deutschland,Stellen aus Logistik & Lagerhaltung,contract,,,,2026-04-10,"WHO YOU WILL WORK WITH This role sits within the Berlin Marketing team and partners closely with Brand Marketing, Retail Marketing, Marketplace Planning and Store Teams. You will rotate across projects and teams to gain a holistic view of how local marketing activates our sports offense. WHO WE ARE ",Wirtschaft,https://www.adzuna.de/details/5696070448?utm_medium=api&utm_source=c5693b3d
4705853664,Founder's Associate (m/w/d),Mastermind Movement,"Klettenberg, Köln",Unknown,,,,,2024-05-24,"Das Unternehmen Das MASTERMIND MOVEMENT verbindet Welten. Wir bringen Unternehmer und Führungskräfte mit unterschiedlichsten Erfahrungen und Expertisen in Peer-Coaching-Gruppen zusammen. Wir glauben, dass das größte Kapital in den Synergien von Menschen steckt. Das MASTERMIND MOVEMENT revolutioniert",Wirtschaft,https://www.adzuna.de/details/4705853664?utm_medium=api&utm_source=c5693b3d
5596088802,Vertriebscontroller (m/w/d),m/w/d,"Berlin, Deutschland",Unknown,,,,,2026-01-22,"Bei FlixTrain bieten wir sichere Arbeitsplätze mit überdurchschnittlicher Bezahlung und tollen Zusatzleistungen. Du hast die Möglichkeit, dich in einem dynamischen Umfeld weiterzuentwickeln, in dem dein Einfluss wirklich zählt. Als Sales Controller analysierst und steuerst Du die wirtschaftliche Per",Wirtschaft,https://www.adzuna.de/details/5596088802?utm_medium=api&utm_source=c5693b3d
5595942840,Sales Controller (m/w/d),Flix,"Berlin, Deutschland",Unknown,,,,,2026-01-22,"Bei FlixTrain gestaltest du die Zukunft der Mobilität aktiv mit. Wir bieten dir nicht nur sichere Arbeitsplätze sowie attraktive Zusatzleistungen, sondern auch ein dynamisches, internationales Umfeld, in dem deine Ideen echten Einfluss haben. Als Sales Controller analysierst und steuerst Du die wirt",Wirtschaft,https://www.adzuna.de/details/5595942840?utm_medium=api&utm_source=c5693b3d
5697652099,Sales & Revenue Controller (m/w/d) - Fokus Forecasting & Pricing,Flix,"Berlin, Deutschland",Unknown,,,,,2026-04-12,"Bei FlixTrain gestaltest du die Zukunft der Mobilität aktiv mit. Wir bieten dir nicht nur sichere Arbeitsplätze sowie attraktive Zusatzleistungen, sondern auch ein dynamisches, internationales Umfeld, in dem deine Ideen echten Einfluss haben. A ls Sales & Revenue Controller (m/w/d) a nalysierst und ",Wirtschaft,https://www.adzuna.de/details/5697652099?utm_medium=api&utm_source=c5693b3d
4897689904,Management Trainee / Projektleitung der Geschäftsführung (m/w/d),Hoch Gruppe,"Steinach, Ortenaukreis",Unknown,,full_time,,,2024-10-10,"Deine Aufgaben Du lernst unser Geschäft ""on the Job"" von Grund auf kennen Du erledigst abwechslungsreiche Aufgaben im Marketing, Einkauf, Vertrieb, Business-Management, IT und HR Du arbeitest eng zusammen mit der Geschäftsführung und den jeweiligen Abteilungsleitern Du unterstützt und arbeitest der ",Wirtschaft,https://www.adzuna.de/details/4897689904?utm_medium=api&utm_source=c5693b3d
5420384814,Global Head of Sales,Sécheron Hasler Group,"Frankfurt am Main, Hessen",Vertriebsstellen,,full_time,,,2025-09-29,"With over 140 years of Swiss engineering heritage, Sécheron Hasler Group is a global leader in high-power electrical and electronic equipment. Our solutions power railways, renewable energy, DC and AC networks, and industrial systems worldwide trusted for their precision, reliability, and innovation",Wirtschaft,https://www.adzuna.de/details/5420384814?utm_medium=api&utm_source=c5693b3d
4931243300,German SEO writer,Strikingly,Deutschland,"Stellen aus PR, Werbung & Marketing",,full_time,,,2024-11-08,"Who are we? Strikingly is a modern, mobile-optimized website builder that’s extremely easy to use. Our mission is to give everyone the power to unleash their individuality. Our headquarters is currently based in Shanghai, China but we have deep Silicon Valley roots. We’re backed by Y Combinator (W13",Wirtschaft,https://www.adzuna.de/details/4931243300?utm_medium=api&utm_source=c5693b3d
5695543687,Senior Pipeline & Portfolio Manager - Inklusiver Job   ,Boehringer Ingelheim,"Ingelheim am Rhein, Mainz-Bingen (Kreis)",Unknown,,,,,2026-04-10,"The Position Are you passionate about bringing innovation to life and seeing concepts turn into products, which improve the lives of animals and their owners? Boehringer Ingelheim is a world leader in keeping pets healthy and has created a series of market leading, life changing brands like NexGard,",Wirtschaft,https://www.adzuna.de/land/ad/5695543687?se=IgAQVuJH8RGldLZhYZiz6Q&utm_medium=api&utm_source=c5693b3d&v=A3BCD688C3ED3237D3BC134FB5FF130899FDCEED
5683969727,Finance Business Partner (m/w/d),FACT-Finder Holding GmbH,"Brötzingen, Pforzheim",Unknown,,part_time,,,2026-03-31,"Über uns FactFinder i st der europäische Marktführer für Product Discovery und Suche im eCommerce. Mit Authentic Intelligence, der Kombination aus künstlicher und menschlicher Intelligenz, versteht FactFinder die Absichten jedes Käufers vom ersten Klick an – und kann so die Conversion-Rate und den U",Wirtschaft,https://www.adzuna.de/details/5683969727?utm_medium=api&utm_source=c5693b3d
5675518928,Energy Network (48V) & Electrification Product Marketing Engineer (f/m/d),NXP Semiconductors,Deutschland,"Stellen aus PR, Werbung & Marketing",,full_time,,,2026-03-22,"Overview of Role NXP is seeking an experienced Product Marketing engineer to join our team to drive market and business growth of our 48V and Electrification products. The successful candidate will be responsible for product marketing, winning key customers, developing third-party networks, and mark",Wirtschaft,https://www.adzuna.de/details/5675518928?utm_medium=api&utm_source=c5693b3d
5703206789,General Application - MedTech Venture,Nucs AI,Deutschland,Sonstige/Allgemeine Stellen,permanent,full_time,,,2026-04-18,"About Us: Nucs AI is an innovative MedTech startup, transforming the clinical management of prostate cancer through cutting-edge AI-powered software solutions. Our mission is to revolutionize healthcare by delivering impactful, user-friendly tools that support healthcare professionals in diagnosing,",Wirtschaft,https://www.adzuna.de/details/5703206789?utm_medium=api&utm_source=c5693b3d
5705253715,Talent Pool (all genders) - Inklusiver Job   ,Holidu GmbH,"München, München (Kreis)",Unknown,,,,,2026-04-20,"Holidu is one of the world’s fastest-growing vacation rental technology companies. Our mission is to make booking and hosting holiday homes free of doubt and full of joy, by helping hosts generate more bookings with less work and helping guests find a holiday home they truly enjoy. Our team of 700 c",Wirtschaft,https://www.adzuna.de/land/ad/5705253715?se=IgAQVuJH8RGldLZhYZiz6Q&utm_medium=api&utm_source=c5693b3d&v=AACC8C5FB5744719C1A516DEED002FAE5C255A66
5696513855,Java Software Developer (m/w/d),Bookwire Germany,"Mitte, Dortmund",Sonstige/Allgemeine Stellen,permanent,full_time,,,2026-04-11,"Java Software Developer (m/w/d) Vollzeit, Standort: Dortmund Bookwire ist seit fast 15 Jahren eines der weltweit führenden Unternehmen im Bereich Digital Publishing Technology. Mit unserer Technologieplattform „Bookwire OS“ („The Operating System for Digital Publishing“) unterstützen wir unsere Kund",Wirtschaft,https://www.adzuna.de/details/5696513855?utm_medium=api&utm_source=c5693b3d
5717009966,Business Development Lead - Germany,Titan OS,"Hamburg, Deutschland",Sonstige/Allgemeine Stellen,,full_time,,,2026-05-02,"Is this you? Titan Operating System S.L. (Titan OS), the Barcelona-based technology, entertainment, and advertising company, is looking for you! Our platform combines content discovery and advertising technology in one solution, helping leading TV brands unlock greater value. Titan OS powers devices",Wirtschaft,https://www.adzuna.de/details/5717009966?utm_medium=api&utm_source=c5693b3d
5492200766,SAMSUNG - Marketing Specialist (m/w/d) E-Commerce,a-team Personalmanagement,"Eschborn, Main-Taunus-Kreis","Stellen aus PR, Werbung & Marketing",,full_time,65000.0,70000.0,2025-11-12,"TOPJOB: A-TEAM bietet Dir diese spannende Karrierechance als Marketing Specialist (m/w/d) im Raum Frankfurt am Main bei Samsung Electronics , dem Global Player für Smartphones, Tablets & Co., mit Sitz in Eschborn . Die Position ist ab sofort zu besetzen. Deine Aufgaben Du übernimmst die Verantwortun",Wirtschaft,https://www.adzuna.de/details/5492200766?utm_medium=api&utm_source=c5693b3d
5691735717,Working Student (f/m/d) - Global Events,SAP,"Berlin, Deutschland",Unknown,,,,,2026-04-07,"We help the world run better At SAP, we keep it simple: you bring your best to us, and we'll bring out the best in you. We're builders touching over 20 industries and 80% of global commerce, and we need your unique talents to help shape what's next. The work is challenging u2013 but it matters. You'",Wirtschaft,https://www.adzuna.de/details/5691735717?utm_medium=api&utm_source=c5693b3d
5677775517,Amazon Account Manager,AMZ Advisers,"Berlin, Deutschland",Unknown,,,,,2026-03-25,"Position Title: Amazon Account Manager Remote Position: Full Time About AMZ Advisers AMZ Advisers is a digital media marketing agency focused on developing and implementing strategic marketing plans for the global Amazon marketplaces. Working with our client allows you to apply your skills, expertis",Wirtschaft,https://www.adzuna.de/details/5677775517?utm_medium=api&utm_source=c5693b3d
5350840346,Praktikum im Management - München,Enterprise Rent-A-Car,"Altstadt-Lehel, München",Unknown,contract,full_time,,,2025-08-13,"Du hast Lust während deines Studiums viele praktische Erfahrung zu sammeln, wichtige Kompetenzen zu erlernen und nützliche Kontakte zu knüpfen, die deiner Karriere weiterhelfen? Dann bist du bei Enterprise genau richtig! Als weltgrößter Mobilitätsdienstleister triffst du bei Enterprise auf ein wachs",Wirtschaft,https://www.adzuna.de/details/5350840346?utm_medium=api&utm_source=c5693b3d
5649122234,Praktikum im Management in Memmingen Flughafen,Enterprise Rent-A-Car,"Memmingen, Memmingen (Kreis)",Unknown,contract,full_time,,,2026-02-28,"Du hast Lust während deines Studiums viele praktische Erfahrung zu sammeln, wichtige Kompetenzen zu erlernen und nützliche Kontakte zu knüpfen, die deiner Karriere weiterhelfen? Dann bist du bei Enterprise genau richtig! Als weltgrößter Mobilitätsdienstleister triffst du bei Enterprise auf ein wachs",Wirtschaft,https://www.adzuna.de/details/5649122234?utm_medium=api&utm_source=c5693b3d
5649122271,Praktikum im Management am Stuttgarter Flughafen,Enterprise Rent-A-Car,"Süd, Ludwigsburg",Unknown,contract,full_time,,,2026-02-28,"Du hast Lust während deines Studiums viele praktische Erfahrung zu sammeln, wichtige Kompetenzen zu erlernen und nützliche Kontakte zu knüpfen, die deiner Karriere weiterhelfen? Dann bist du bei Enterprise genau richtig! Als weltgrößter Mobilitätsdienstleister triffst du bei Enterprise auf ein wachs",Wirtschaft,https://www.adzuna.de/details/5649122271?utm_medium=api&utm_source=c5693b3d
5680730093,Praktikum im Management in Landsberg,Enterprise Rent-A-Car,"Lechhausen, Augsburg",Unknown,contract,full_time,,,2026-03-27,"Du hast Lust während deines Studiums viele praktische Erfahrung zu sammeln, wichtige Kompetenzen zu erlernen und nützliche Kontakte zu knüpfen, die deiner Karriere weiterhelfen? Dann bist du bei Enterprise genau richtig! Als weltgrößter Mobilitätsdienstleister triffst du bei Enterprise auf ein wachs",Wirtschaft,https://www.adzuna.de/details/5680730093?utm_medium=api&utm_source=c5693b3d
5697069434,Praktikum im Management am Düsseldorf Flughafen (m/w/d),Enterprise Rent-A-Car,"Flingern Nord, Düsseldorf",Unknown,contract,full_time,,,2026-04-12,"Du hast Lust während deines Studiums viele praktische Erfahrung zu sammeln, wichtige Kompetenzen zu erlernen und nützliche Kontakte zu knüpfen, die deiner Karriere weiterhelfen? Dann bist du bei Enterprise genau richtig! Als weltgrößter Mobilitätsdienstleister triffst du bei Enterprise auf ein wachs",Wirtschaft,https://www.adzuna.de/details/5697069434?utm_medium=api&utm_source=c5693b3d
5708679677,Senior Partnership Manager (m/w/d) Patient Growth,Teleclinic,"München, München (Kreis)",Unknown,,full_time,,,2026-04-23,"Wir wollen digitale ärztliche Beratung für jeden in Deutschland zugänglich machen. Wirklich für jeden! Um das zu erreichen, bauen wir die führende On-Demand-Plattform für Telemedizin. Und Dein Beitrag zählt. Suchst du mehr als nur einen neuen Job? Eine sinnvolle Aufgabe, die dich richtig stolz macht",Wirtschaft,https://www.adzuna.de/details/5708679677?utm_medium=api&utm_source=c5693b3d
5709807040,Praktikum im Management - Hof,Enterprise Rent-A-Car,"Epplas, Hof",Unknown,contract,full_time,,,2026-04-25,"Du hast Lust während deines Studiums viele praktische Erfahrung zu sammeln, wichtige Kompetenzen zu erlernen und nützliche Kontakte zu knüpfen, die deiner Karriere weiterhelfen? Dann bist du bei Enterprise genau richtig! Als weltgrößter Mobilitätsdienstleister triffst du bei Enterprise auf ein wachs",Wirtschaft,https://www.adzuna.de/details/5709807040?utm_medium=api&utm_source=c5693b3d
5714016419,Praktikum im Management - München Flughafen,Enterprise Rent-A-Car,"Altstadt-Lehel, München",Unknown,contract,full_time,,,2026-04-30,"Du hast Lust während deines Studiums viele praktische Erfahrung zu sammeln, wichtige Kompetenzen zu erlernen und nützliche Kontakte zu knüpfen, die deiner Karriere weiterhelfen? Dann bist du bei Enterprise genau richtig! Als weltgrößter Mobilitätsdienstleister triffst du bei Enterprise auf ein wachs",Wirtschaft,https://www.adzuna.de/details/5714016419?utm_medium=api&utm_source=c5693b3d
5664190434,Praktikant Digital Care & Innovation (m/w/d) in Düsseldorf,Vodafone,"Düsseldorf, Nordrhein-Westfalen",Unknown,,full_time,,,2026-03-13,"Praktikant Digital Care & Innovation (m/w/d) in Düsseldorf Du hast Lust auf ein abwechslungsreiches Praktikum mit vielen neuen Herausforderungen? Bei Vodafone arbeiten wir jeden Tag an einer besseren Zukunft. Für eine Welt, die besser vernetzt, inklusiver und nachhaltiger ist. Denn für uns ist Techn",Wirtschaft,https://www.adzuna.de/details/5664190434?utm_medium=api&utm_source=c5693b3d
5634848236,Associate Remote Sales Representative (m/w/d),Medtronic,Deutschland,Unknown,,full_time,0.0,76200.0,2026-02-18,"At Medtronic you can begin a life-long career of exploration and innovation, while helping champion healthcare access and equity for all. You’ll lead with purpose, breaking down barriers to innovation in a more connected, compassionate world. A Day in the Life Bei Medtronic erwartet Sie ein vielseit",Wirtschaft,https://www.adzuna.de/details/5634848236?utm_medium=api&utm_source=c5693b3d
5450861544,Duales Studium Betriebswirtschaftslehre Online (B.A.) (m/w/d) Teilzeit,HAW Kiel Hochschule für Angewandte Wissenschaften,"Neumühlen-Dietrichsdorf, Kiel",Unknown,,,,,2025-10-16,"Duales Studium Betriebswirtschaftslehre Online (B.A.) Teilzeit Unterrichtssprache : Deutsch Immatrikulation : jeweils zum Sommer- und Wintersemester (zulassungsfrei) Deine Zukunft mit einem BWL-Studium Gefragt sind Personen mit betriebswirtschaftlichen Kenntnissen in allen Bereichen, etwa im Managem",Wirtschaft,https://www.adzuna.de/details/5450861544?utm_medium=api&utm_source=c5693b3d
5707948766,Working Student (f/m/d) - Sales Development & Demand Generation (SAP Customer Experience),SAP,"Berlin, Deutschland",Unknown,,,,,2026-04-23,"We help the world run better At SAP, we keep it simple: you bring your best to us, and we'll bring out the best in you. We're builders touching over 20 industries and 80% of global commerce, and we need your unique talents to help shape what's next. The work is challenging u2013 but it matters. You'",Wirtschaft,https://www.adzuna.de/details/5707948766?utm_medium=api&utm_source=c5693b3d
4912631880,Talentpool,Mawave Marketing GmbH,"Milbertshofen-Am Hart, München",Unknown,,part_time,,,2024-10-24,"Wer sind wir? Mawave - Europas Spitzenreiter für Social Media Outcomes - übersetzt Consumer Brands in Social Media. Als Social-Lead-Agentur hinter Marken wie E.ON, Jack Wolkfskin und ATU verwaltet Mawave mit knapp 200 Mio. Euro Werbevolumen das größte Social Media Budget aller unabhängigen Agenturen",Wirtschaft,https://www.adzuna.de/details/4912631880?utm_medium=api&utm_source=c5693b3d
3318104485,IT-Projektmanager (m/w/d),escape GmbH,"Mitte, Berlin",Unknown,,part_time,,,2022-07-14,Kurzprofil Du strukturierst und koordinierst gerne? Die Optimierung und Vereinfachung von Arbeitsprozessen treiben Dich an? Für unser Team suchen wir ab sofort Verstärkung im Bereich IT-Management. Deine Aufgaben Anforderungsdefinition für neuen (Teil-)Projekte Machbarkeitsanalyse in Rücksprache mit,Wirtschaft,https://www.adzuna.de/details/3318104485?utm_medium=api&utm_source=c5693b3d
5640389559,Regional Sales Manager Chemicals CMO Europe (m/w/d),hubergroup Deutschland Kirchheim,"Kirchheim bei München, München (Kreis)",Stellen aus Fertigung,,full_time,,,2026-02-21,"huber group Chemicals ist einer der weltweit führenden Chemieproduzenten. Mit Sitz in München (Deutschland) entwickeln und vermarkten wir Rohstoffe wie Pigmente, Harze, Kaschierkleber, Farbmittel und Additive. Die Produktion ist in Indien angesiedelt. Mit einem hohen Maß an technischer Innovation en",Wirtschaft,https://www.adzuna.de/details/5640389559?utm_medium=api&utm_source=c5693b3d
5262881912,Trainee Recruitment Consultant (m/w/d),m/w/d,Deutschland,Stellen aus Personal & Personalbeschaffung,,,,,2025-06-22,"Amoria Bond ist eine auf IT und Engineering spezialisierte Personalberatung mit attraktiven Büros in Köln, Manchester, Amsterdam, Singapur & Dallas. Getreu unserem Motto ""Progressing Lives Everywhere"" beraten und unterstützen wir unsere globale Kund:innen täglich mit offenen Personallösungen im Bere",Wirtschaft,https://www.adzuna.de/details/5262881912?utm_medium=api&utm_source=c5693b3d
4852911918,Praktikant im Business Development (m/w/d),Workwise GmbH,"Friedrichshain, Berlin",Stellen aus Gesundheitswesen & Pflege,,full_time,,,2024-09-05,"Über das Unternehmen Wir sind ein schnell wachsendes FinTech Startup aus Berlin (Top 50 Gründerszene Wachstumsranking 2019) mit der Mission, die Buchhaltungssoftware von morgen zu definieren. Unser Team besteht aus wissbegierigen und talentierten Mitarbeitern mit Hands-on-Mentalität und Wachstums-Mi",Wirtschaft,https://www.adzuna.de/details/4852911918?utm_medium=api&utm_source=c5693b3d
3105344811,INITIATIVBEWERBUNGEN (m/w/d),CodeRed.net GmbH,"Düsseltal, Düsseldorf",Unknown,,part_time,,,2022-05-05,"Deine Aufgaben Die Aufgaben bei CodeRed.net zeichnen sich durch ihre Vielfältigkeit aus. Wir bieten Berufseinsteigern ebenso spannende und interessante Aufgaben wie Wiedereinsteigern oder Berufserfahrenen: Im Projektmanagement bist du mitten im Geschehen. Du bist möglicherweise derjenige, der den er",Wirtschaft,https://www.adzuna.de/details/3105344811?utm_medium=api&utm_source=c5693b3d
5656745021,Working Student (f/m/d),Freudenberg,Deutschland,Unknown,,part_time,,,2026-03-06,"Working at Freudenberg: We will wow your world! Responsibilities: Elevate our brand’s visual and verbal messaging by redesigning PowerPoint presentations, and proofreading content, with a keen eye for detail Curate and edit compelling images, manage translations, and oversee our content systems. Enh",Wirtschaft,https://www.adzuna.de/details/5656745021?utm_medium=api&utm_source=c5693b3d
5588463437,International (Senior) Product Manager Socks (m/w/d),m/w/d,"Rheine, Steinfurt (Kreis)",Unknown,,,,,2026-01-16,"Mode ist deine Leidenschaft, und du möchtest eine Kategorie aktiv gestalten? Dann bist du bei uns genau richtig! Wir suchen einen International (Senior) Product Manager Socks (m/w/d) -befristet für 2 Jahre als Elternzeitvertretung- Standort: Rheine Als (Senior) Product Manager (m/w/d) übernimmst du ",Wirtschaft,https://www.adzuna.de/details/5588463437?utm_medium=api&utm_source=c5693b3d
5696071486,"Trainee (w/m/d) Marketing, Sales & Services",TRUMPF,"Ditzingen, Ludwigsburg (Kreis)","Stellen aus PR, Werbung & Marketing",,full_time,,,2026-04-10,"As a family-run, high-tech company with nearly 19,000 employees at 71 locations worldwide, we are looking for forward thinkers with unconventional ideas and drive to join our team. Our company culture, which values collaboration and mutual trust, creates the ideal framework for boldly trying new thi",Wirtschaft,https://www.adzuna.de/details/5696071486?utm_medium=api&utm_source=c5693b3d
5688774429,Intern Events & Visitor Experience - R&D Center Europe (m/f/d),Allianz Technology SE,"Unterföhring, München (Kreis)",Unknown,,,,,2026-04-03,"Intern Events & Visitor Experience - R&D Center Europe (m/f/d) About the Job This position offers an exciting opportunity to gain hands-on experience in professional event management and visitor experience design within Allianz Technology's R&D Center Europe, located in Munich. As an intern, you wil",Wirtschaft,https://www.adzuna.de/details/5688774429?utm_medium=api&utm_source=c5693b3d
5669964752,Duales Studium BWL mit Schwerpunkt Marketing (m/w/d),V-Bank,"Au-Haidhausen, München","Stellen aus PR, Werbung & Marketing",,full_time,14400.0,18000.0,2026-03-17,"Wir suchen für das Wintersemester 2026/2027 motivierte duale Studierende, die ihre Karriere bei uns starten und aktiv mitgestalten möchten! Wenn du Lust hast, dein theoretisches Wissen direkt in die Praxis umzusetzen und unser Team mit deinem Know-how und deinen persönlichen Stärken zu bereichern, d",Wirtschaft,https://www.adzuna.de/details/5669964752?utm_medium=api&utm_source=c5693b3d
5656688152,Senior Technical Sales Engineer - (Fluent German),Entrust,Deutschland,Unknown,,full_time,,,2026-03-06,"Join us at Entrust At Entrust, we’re shaping the future of identity centric security solutions. From our comprehensive portfolio of solutions to our flexible, global workplace, we empower careers, foster collaboration, and build solutions that help keep the world moving safely . Get to Know Us Headq",Wirtschaft,https://www.adzuna.de/details/5656688152?utm_medium=api&utm_source=c5693b3d
5684414640,Strategic Product Manager (m/w/d) Industrial Communication - Explosion Protection Equipment,Pepperl+Fuchs,Deutschland,Unknown,,full_time,,,2026-03-31,"At PepperlFuchs, we combine a strong commitment to innovation with a deep respect for the traditions that have shaped our success. From renewable energy and automotive production to water treatment plants and chemical systems, our advanced electronic sensors and automation components enable smooth a",Wirtschaft,https://www.adzuna.de/details/5684414640?utm_medium=api&utm_source=c5693b3d
5629263539,Junior / Midweight Project Manager (m/f/d),Appsfactory GmbH,"Kreuzberg, Berlin",Unknown,,full_time,,,2026-02-14,"Description About the Role A Project Manager at Edenspiekermann bridges the creative teams and clients, overseeing end-to-end delivery of design projects (branding, UX/UI) within budget and on time. They define project scope, manage resources, mitigate risks, and ensure high-quality, actionable crea",Wirtschaft,https://www.adzuna.de/details/5629263539?utm_medium=api&utm_source=c5693b3d
5696392093,Senior Pipeline & Portfolio Manager,Boehringer Ingelheim,"Ingelheim am Rhein, Mainz-Bingen (Kreis)",Unknown,,,,,2026-04-11,"The Position Are you passionate about bringing innovation to life and seeing concepts turn into products, which improve the lives of animals and their owners? Boehringer Ingelheim is a world leader in keeping pets healthy and has created a series of market leading, life changing brands like NexGard,",Wirtschaft,https://www.adzuna.de/details/5696392093?utm_medium=api&utm_source=c5693b3d
5662935306,Ausbildung Kauffrau / Kaufmann Bromanagement (m/w/d) Starte am 01.08.2026 bei COMCAVE in Dortmund,COMCAVE.COLLEGE GmbH,"Dortmund, Nordrhein-Westfalen",Unknown,,,,,2026-03-12,"Starte mit uns in Deine berufliche Zukunft– werde Teil des COMCAVE-Teams! Seitüber 20 Jahren arbeiten wir bundesweit als starkes Team zusammen, um Erwachsenen neue berufliche Perspektiven zu eröffnen. Wir begleiten Teilnehmende auf ihrem Bildungsweg in Bereichen wie IT, Marketing, Medien, kaufmännis",Wirtschaft,https://www.adzuna.de/details/5662935306?utm_medium=api&utm_source=c5693b3d
5374895724,Internship Online Marketing (m/f/d),Workwise GmbH,"Sendling, München","Stellen aus PR, Werbung & Marketing",,full_time,,,2025-08-30,"Über das Unternehmen Wir wollen die Welt verändern – gemeinsam mit dir! Wir entwickeln erstklassige Alltagsprodukte, die den Menschen helfen, ihren ökologischen Fußabdruck zu reduzieren. Im Jahr 2020 sind wir mit unseren Reiniger-Tabs gestartet. Seitdem haben unsere wiederverwendbaren, nachfüllbaren",Wirtschaft,https://www.adzuna.de/details/5374895724?utm_medium=api&utm_source=c5693b3d
5374895712,Internship Online Marketing and Social Media (m/f/d),Workwise GmbH,"Sendling, München","Stellen aus PR, Werbung & Marketing",,full_time,,,2025-08-30,"Über das Unternehmen Wir wollen die Welt verändern – gemeinsam mit dir! Wir entwickeln erstklassige Alltagsprodukte, die den Menschen helfen, ihren ökologischen Fußabdruck zu reduzieren. Im Jahr 2020 sind wir mit unseren Reiniger-Tabs gestartet. Seitdem haben unsere wiederverwendbaren, nachfüllbaren",Wirtschaft,https://www.adzuna.de/details/5374895712?utm_medium=api&utm_source=c5693b3d
5374895714,Intern Online Marketing - Social Media / META / UGC (m/f/d),Workwise GmbH,"Sendling, München","Stellen aus PR, Werbung & Marketing",,full_time,,,2025-08-30,"Über das Unternehmen Wir wollen die Welt verändern – gemeinsam mit dir! Wir entwickeln erstklassige Alltagsprodukte, die den Menschen helfen, ihren ökologischen Fußabdruck zu reduzieren. Im Jahr 2020 sind wir mit unseren Reiniger-Tabs gestartet. Seitdem haben unsere wiederverwendbaren, nachfüllbaren",Wirtschaft,https://www.adzuna.de/details/5374895714?utm_medium=api&utm_source=c5693b3d
5710629446,Digital Marketing Manager (m/w/d),GRUMA Nutzfahrzeuge,"Friedberg, Aichach-Friedberg (Kreis)","Stellen aus PR, Werbung & Marketing",,full_time,,,2026-04-25,"Mit Firmensitz in Mühlhausen bei Augsburg ist Logistik XTRA, Tochterfirma der GRUMA, die führende E-Commerceplattform für Zubehör in der Intralogistik und Flurfördertechnik. Unsere Gesellschafter sind die 10 führenden Linde Material Händling Händler in Deutschland. Mit 17 Jahren Erfahrung am Markt u",Wirtschaft,https://www.adzuna.de/details/5710629446?utm_medium=api&utm_source=c5693b3d
5661390306,Ausschreibungs- / Bid Manager (all genders),ion2s GmbH,"Fechenheim, Frankfurt am Main",Unknown,,part_time,,,2026-03-11,"Deine Mission Du liebst Struktur, Deadlines und gute Geschichten – und willst gleichzeitig mit KI & Automatisierung echte Wirkung entfalten? In dieser Rolle bist du das Herzstück unserer Neugeschäftsgewinnung über Ausschreibungen. Du verantwortest den gesamten Lifecycle von RFPs/RFIs: von der ersten",Wirtschaft,https://www.adzuna.de/details/5661390306?utm_medium=api&utm_source=c5693b3d
5691165972,Business Development Manager (m/w/d) im Bereich Plattformökonomie,Wirtschaftsrat der CDU e.V.,"Mitte, Berlin",Unknown,,full_time,,,2026-04-06,"Ihre Aufgaben Begleitende Konzipierung und Steuerung der Umsetzung einer Mitgliederdatenbank, basierend auf MS Dynamics; Entwicklung einer Plattformökonomie als Basis für die konzeptionelle und strategische Entwicklung unserer IfW-GmbH und der Entwicklung neuer Geschäftsmodelle; Erarbeitung neuer Ve",Wirtschaft,https://www.adzuna.de/details/5691165972?utm_medium=api&utm_source=c5693b3d
5717819630,Dozent (m/w/d) für die Umschulung zur Fachkraft für Schutz und Sicherheit (Bundesweit),"COMCAVE.COLLEGE® GmbH, your source of knowledge","Dortmund, Nordrhein-Westfalen",Unknown,permanent,part_time,,,2026-05-03,"Über unsSeit über 20 Jahren arbeiten wir bundesweit als starkes Team zusammen, um Erwachsenen neue berufliche Perspektiven zu eröffnen. Wir begleiten Teilnehmer auf ihrem Bildungsweg in Bereichen wie IT, Marketing, Medien, kaufmännisches Wissen sowie Management und Business. Als Teil unseres cross-f",Wirtschaft,https://www.adzuna.de/details/5717819630?utm_medium=api&utm_source=c5693b3d
5538181233,Mandatory Internship in Communication & Change Management,Robert Bosch GmbH,"Feuerbach, Stuttgart",Unknown,,full_time,,,2025-12-11,"Mandatory Internship in Communication & Change Management Borsigstraße 4, 70469 Stuttgart, Germany Full-time Robert Bosch GmbH Company Description At Bosch, we shape the future by inventing high-quality technologies and services that spark enthusiasm and enrich people’s lives. Our promise to our ass",Wirtschaft,https://www.adzuna.de/details/5538181233?utm_medium=api&utm_source=c5693b3d
5648355113,Senior Sales Manager Retail & Strategic Partnerships (m/f/d) - IFA Berlin,Clarion Events Germany,"Kreuzberg, Berlin",Unknown,,full_time,,,2026-02-28,Your mission Market Analysis & Strategic Offer Development Analyze and monitor international retail structures (e-commerce & brick-and-mortar) to strategically strengthen IFA and its retail communities Activate international retailers and build strategic trade partnerships independently and in close,Wirtschaft,https://www.adzuna.de/details/5648355113?utm_medium=api&utm_source=c5693b3d
5703823179,Senior Project Manager – Retail Strategy & Experience (f/m/x) @ Carl Zeiss Extended Reality (XRX),ZEISS,"Aalen, Ostalbkreis",Stellen aus Logistik & Lagerhaltung,,full_time,,,2026-04-18,"At ZEISS Extended Reality (XRX), a newly established global Strategic Business Unit in the scale-up phase, we are dedicated to innovation and excellence. Our goal is to deliver cutting-edge XR vision correction and optical systems to consumers around the world, ensuring we are the preferred partner ",Wirtschaft,https://www.adzuna.de/details/5703823179?utm_medium=api&utm_source=c5693b3d
5657181148,Senior Technical Sales Engineer - (Fluent German),Entrust,Deutschland,Unknown,,,,,2026-03-07,"Join us at Entrust? At Entrust, we're shaping the future of identity centric security solutions. From our comprehensive portfolio of solutions to our flexible, global workplace, we empower careers, foster collaboration, and build solutions that help keep the world moving safely.? Get to Know Us? Hea",Wirtschaft,https://www.adzuna.de/details/5657181148?utm_medium=api&utm_source=c5693b3d
5576691235,Pursuit Projektmanagement Expert (w/m/d),KPMG,"Moabit, Berlin",IT-Stellen,permanent,full_time,,,2026-01-09,Pursuit Projektmanagement Expert (w/m/d) Job-ID: 12475 Standorte: Berlin Karrierelevel: Berufserfahrene Anstellungsart: Festanstellung in Vollzeit Begleite KPMG bei den zukünftigen Herausforderungen unserer Kund:innen. Begeistere auch Du Dich für die Vielfalt unserer Fragestellungen - und mach gemei,Wirtschaft,https://www.adzuna.de/details/5576691235?utm_medium=api&utm_source=c5693b3d
5664148639,Pursuit Projektmanagement Expert (w/m/d),KPMG,Deutschland,IT-Stellen,permanent,full_time,,,2026-03-13,Pursuit Projektmanagement Expert (w/m/d) Job-ID: 12475 Standorte: Karrierelevel: Berufserfahrene Anstellungsart: Festanstellung in Vollzeit Begleite KPMG bei den zukünftigen Herausforderungen unserer Kund:innen. Begeistere auch Du Dich für die Vielfalt unserer Fragestellungen - und mach gemeinsam mi,Wirtschaft,https://www.adzuna.de/details/5664148639?utm_medium=api&utm_source=c5693b3d
5497414057,Pursuit Projektmanagement Expert (w/m/d),KPMG,"Flughafen, Frankfurt am Main",IT-Stellen,permanent,full_time,,,2025-11-15,Pursuit Projektmanagement Expert (w/m/d) Job-ID: 12475 Standorte: Frankfurt Karrierelevel: Berufserfahrene Anstellungsart: Festanstellung in Vollzeit Begleite KPMG bei den zukünftigen Herausforderungen unserer Kund:innen. Begeistere auch Du Dich für die Vielfalt unserer Fragestellungen - und mach ge,Wirtschaft,https://www.adzuna.de/details/5497414057?utm_medium=api&utm_source=c5693b3d
5656735283,Business Development Manager_Europe Region,Role Overview: AVATR,"München, München (Kreis)",Unknown,,,,,2026-03-06,"Role Overview: AVATR is looking for a Business Development Manager_Europe Region to join our growing team in Munich. This role will drive business development, channel expansion, and strategic partnership growth across the European luxury NEV market, supporting regional sales targets, network build-",Wirtschaft,https://www.adzuna.de/details/5656735283?utm_medium=api&utm_source=c5693b3d
5713537518,Praktikant:in im Marketing (m/w/d),Afilio GmbH,"Wedding, Berlin",Unknown,,full_time,2400.0,2400.0,2026-04-29,"Intro Moin! Mit Afilio entwickeln wir Deutschlands führende Plattform für Vorsorge. Mit professioneller Unterstützung bei Vorsorge, Nachlass und Pflege helfen wir über 4.000.000 Menschen bei der Absicherung für einen sorgenfreien Ruhestand. Mit unserem Team von 35 engagierten Köpfen, arbeiten wir ta",Wirtschaft,https://www.adzuna.de/details/5713537518?utm_medium=api&utm_source=c5693b3d
5270982210,Duales Studium International Management (B.Sc.) - 2027,Genuport Trade GmbH,"Garstedt, Norderstedt",Unknown,,part_time,,,2025-06-27,"Gestalte mit uns die Welt des Genusses – heute und morgen! Im dualen Studium unterstützt du uns nicht nur im Tagesgeschäft, sondern du hast auch die Möglichkeit dein in der Uni erlerntes theoretisches Wissen direkt in die Praxis umzusetzen und anzuwenden. Der Studiengang umfasst 6 Semester (3 Jahre)",Wirtschaft,https://www.adzuna.de/details/5270982210?utm_medium=api&utm_source=c5693b3d
5646940710,Digital Sales Development Manager Digital Hub MEE (f/m/d) LoB,SAP,"Walldorf, Rhein-Neckar-Kreis",Unknown,,,,,2026-02-27,"We help the world run better At SAP, we keep it simple: you bring your best to us, and we'll bring out the best in you. We're builders touching over 20 industries and 80% of global commerce, and we need your unique talents to help shape what's next. The work is challenging - but it matters. You'll f",Wirtschaft,https://www.adzuna.de/details/5646940710?utm_medium=api&utm_source=c5693b3d
5645471852,Digital Sales Development Manager Digital Hub MEE (f/m/d) LoB,SAP,"Walldorf, Rhein-Neckar-Kreis",Unknown,,,,,2026-02-25,"We help the world run better At SAP, we keep it simple: you bring your best to us, and we'll bring out the best in you. We're builders touching over 20 industries and 80% of global commerce, and we need your unique talents to help shape what's next. The work is challenging – but it matters. You'll f",Wirtschaft,https://www.adzuna.de/details/5645471852?utm_medium=api&utm_source=c5693b3d
5683980242,Event Manager (m/f/d),Solactive AG,"Gallus, Frankfurt am Main",Unknown,,full_time,,,2026-03-31,"Company Description Solactive AG is a FinTech company operating globally and growing at a fast pace, headquartered in Frankfurt. Since 2007, we develop tailor-made andmulti-asset class index solutions for ETFs and other index-linked investment products for the leading global investment banks and ass",Wirtschaft,https://www.adzuna.de/details/5683980242?utm_medium=api&utm_source=c5693b3d
5427550657,Content Manager für Social Media,Euro Akademie Oldenburg,"Eversten, Oldenburg",Unknown,,,,,2025-10-02,"Bist du bereit, die Social-Media-Welt zu betreten? Als Content Manager erhältst du die Möglichkeit, Inhalte kreativ zu gestalten, Reichweite zu erhöhen und somit Einnahmen zu erzielen. Beginne jetzt deine Ausbildung an der Euro Akademie! Wissen erwerben für die professionelle Erstellung von Inhalten",Wirtschaft,https://www.adzuna.de/details/5427550657?utm_medium=api&utm_source=c5693b3d
5714390119,Junior Business Development Manager - Marketing (m/f/d),Westwing Group SE,"Milbertshofen-Am Hart, München",Unknown,,full_time,,,2026-04-30,"JOIN OUR TEAM As a Junior Business Development Manager in Marketing at Westwing, you will drive growth initiatives from research and planning through to execution. This role offers excellent learning opportunities to develop your skills in project management, business case development, and performan",Wirtschaft,https://www.adzuna.de/details/5714390119?utm_medium=api&utm_source=c5693b3d
5714886896,Junior Business Development Manager - Marketing (m/f/d),Westwing Group SE,"München, München (Kreis)",Unknown,,,,,2026-04-30,"JOIN OUR TEAM As a Junior Business Development Manager in Marketing at Westwing, you will drive growth initiatives from research and planning through to execution. This role offers excellent learning opportunities to develop your skills in project management, business case development, and performan",Wirtschaft,https://www.adzuna.de/details/5714886896?utm_medium=api&utm_source=c5693b3d
5690170398,(Senior) E-commerce Category Manager,Emma,"Frankfurt am Main, Hessen",Stellen aus Logistik & Lagerhaltung,,full_time,,,2026-04-04,"Ready to lead, disrupt and reinvent the sleep industry? We are Emma – The Sleep Company . Founded in 2015, we have grown into the world’s largest direct-to-consumer (D2C) sleep brand, with a presence in over 35 markets and more than 15 retail stores across Europe. Our mission is simple: to develop s",Wirtschaft,https://www.adzuna.de/details/5690170398?utm_medium=api&utm_source=c5693b3d
5690205768,Senior Category Manager,Emma,"Frankfurt am Main, Hessen",Stellen aus Logistik & Lagerhaltung,,full_time,,,2026-04-04,"Ready to lead, disrupt and reinvent the sleep industry? We are Emma – The Sleep Company . Founded in 2015, we have grown into the world’s largest direct-to-consumer (D2C) sleep brand, with a presence in over 35 markets and more than 15 retail stores across Europe. Our mission is simple: to develop s",Wirtschaft,https://www.adzuna.de/details/5690205768?utm_medium=api&utm_source=c5693b3d
5648174794,Digital Sales Development Manager Digital Hub MEE (f/m/d) LoB,SAP,"Walldorf, Rhein-Neckar-Kreis",Unknown,,,,,2026-02-28,"We help the world run better At SAP, we keep it simple: you bring your best to us, and we'll bring out the best in you. We're builders touching over 20 industries and 80% of global commerce, and we need your unique talents to help shape what's next. The work is challenging u2013 but it matters. You'",Wirtschaft,https://www.adzuna.de/details/5648174794?utm_medium=api&utm_source=c5693b3d
5631174682,"Product, Market & User Research Manager",Avatr,"München, München (Kreis)",Unknown,,,,,2026-02-15,"Role Overview: AVATR is looking for a Product, Market & User Research Manager (Europe) to join our growing team in Munich. This role will lead the European product, market and user research team, be fully responsible for formulating and implementing the overall research strategy for the European reg",Wirtschaft,https://www.adzuna.de/details/5631174682?utm_medium=api&utm_source=c5693b3d
5717287861,Country Manager US (m/f/d),Yepoda,"Berlin, Deutschland",Stellen aus Logistik & Lagerhaltung,,full_time,,,2026-05-02,"About Yepoda Our mission is to bring Clean K-Beauty Innovations, from Korea straight to Europe, UK, and the US, without ever compromising on our values, quality, and sustainability. Our clean, mindfully produced skincare products are made with love in Korea, vegan, cruelty-free, and packed with the ",Wirtschaft,https://www.adzuna.de/details/5717287861?utm_medium=api&utm_source=c5693b3d
5656761078,Working Student (f/m/d) - Sales Support in Business Transformation Management,SAP,"Walldorf, Rhein-Neckar-Kreis",Unknown,,,,,2026-03-06,"We help the world run better At SAP, we keep it simple: you bring your best to us, and we'll bring out the best in you. We're builders touching over 20 industries and 80% of global commerce, and we need your unique talents to help shape what's next. The work is challenging – but it matters. You'll f",Wirtschaft,https://www.adzuna.de/details/5656761078?utm_medium=api&utm_source=c5693b3d
5710185941,Marketing Assistant (Working Student),OKAPI:Orbits GmbH,"Innenstadt, Braunschweig",Unknown,,part_time,,,2026-04-25,"Your mission As Marketing Associate, your mission is to support our Marketing Manager in building and amplifying the OKAPI:Orbits brand in the space sustainability sector. This is not a support role in the background as from day one you will take real ownership of marketing initiatives in a fast-pac",Wirtschaft,https://www.adzuna.de/details/5710185941?utm_medium=api&utm_source=c5693b3d
5697022841,Digital Marketing Specialist (all genders),Evotec,"Hamburg, Deutschland","Stellen aus PR, Werbung & Marketing",,full_time,,,2026-04-11,"Evotec is looking for a highly capable and hands-on Digital Marketing Specialist (all genders) Full time and permanent to manage and optimize our digital marketing platforms, campaigns, and website ecosystem. Role Overview: This role is central to the execution and continuous improvement of Evotec’s",Wirtschaft,https://www.adzuna.de/details/5697022841?utm_medium=api&utm_source=c5693b3d
5658337789,Working Student (f/m/d) - Sales Support in Business Transformation Management,SAP,"Walldorf, Rhein-Neckar-Kreis",Unknown,,,,,2026-03-08,"We help the world run better At SAP, we keep it simple: you bring your best to us, and we'll bring out the best in you. We're builders touching over 20 industries and 80% of global commerce, and we need your unique talents to help shape what's next. The work is challenging - but it matters. You'll f",Wirtschaft,https://www.adzuna.de/details/5658337789?utm_medium=api&utm_source=c5693b3d
5707622135,"Director, Marketing",Razer,Deutschland,"Stellen aus PR, Werbung & Marketing",,full_time,,,2026-04-22,"Joining Razer will place you on a global mission to revolutionize the way the world games. Razer is a place to do great work , offering you the opportunity to make an impact globally while working across a global team located across 5 continents. Razer is also a great place to work, providing you th",Wirtschaft,https://www.adzuna.de/details/5707622135?utm_medium=api&utm_source=c5693b3d
5659896699,Working Student (f/m/d) - Sales Support in Business Transformation Management,SAP,"Walldorf, Rhein-Neckar-Kreis",Unknown,,,,,2026-03-10,"We help the world run better At SAP, we keep it simple: you bring your best to us, and we'll bring out the best in you. We're builders touching over 20 industries and 80% of global commerce, and we need your unique talents to help shape what's next. The work is challenging u2013 but it matters. You'",Wirtschaft,https://www.adzuna.de/details/5659896699?utm_medium=api&utm_source=c5693b3d
5686302944,Customer Development Marketing Consultant (d/f/m),vivenu,"Düsseldorf, Nordrhein-Westfalen","Stellen aus PR, Werbung & Marketing",,full_time,,,2026-04-01,"Redefine the future of live entertainment tech Welcome to vivenu, the global leader in event ticketing tech and one of the world’s fastest-growing live entertainment tech firms. We are transforming event ticketing for global leaders like the Grammys, the Golden Globes, Stanford University and the Ho",Wirtschaft,https://www.adzuna.de/details/5686302944?utm_medium=api&utm_source=c5693b3d
5686311357,Customer Development Marketing Consultant (d/f/m),vivenu,Deutschland,"Stellen aus PR, Werbung & Marketing",contract,,,,2026-04-01,"In order to be considered for this role, after clicking ""Apply Now"" above and being redirected, you must fully complete the application process on the follow-up screen. Redefine the future of live entertainment tech Welcome to vivenu, the global leader in event ticketing tech and one of the world’s ",Wirtschaft,https://www.adzuna.de/details/5686311357?utm_medium=api&utm_source=c5693b3d
5516656840,Account Manager m/f/x,Wolt,"Stuttgart, Baden-Württemberg",Unknown,,,,,2025-11-27,"About Wolt At Wolt, we create technology that brings joy, simplicity and earnings to the neighborhoods of the world. In 2014 we started with delivery of restaurant food. Now we’re building the delivery of (almost) everything and you’ll find us in over 500 cities in 30 countries around the world. In ",Wirtschaft,https://www.adzuna.de/details/5516656840?utm_medium=api&utm_source=c5693b3d
5694203993,Working Student (f/m/d) - WalkMe Sales MEE Head of Sales Support,SAP,"Berlin, Deutschland",Unknown,,,,,2026-04-09,"We help the world run better At SAP, we enable you to bring out your best. Our company culture is focused on collaboration and a shared passion to help the world run better. How? We focus every day on building the foundation for tomorrow and creating a workplace that embraces differences, values fle",Wirtschaft,https://www.adzuna.de/details/5694203993?utm_medium=api&utm_source=c5693b3d
5695257741,Working Student (f/m/d) - WalkMe Sales MEE Head of Sales Support,SAP,"Berlin, Deutschland",Unknown,,,,,2026-04-10,"We help the world run better At SAP, we enable you to bring out your best. Our company culture is focused on collaboration and a shared passion to help the world run better. How? We focus every day on building the foundation for tomorrow and creating a workplace that embraces differences, values fle",Wirtschaft,https://www.adzuna.de/details/5695257741?utm_medium=api&utm_source=c5693b3d
5692430515,Working Student (f/m/d) - WalkMe Sales MEE Head of Sales Support,SAP,"Berlin, Deutschland",Unknown,,,,,2026-04-08,"We help the world run better At SAP, we enable you to bring out your best. Our company culture is focused on collaboration and a shared passion to help the world run better. How? We focus every day on building the foundation for tomorrow and creating a workplace that embraces differences, values fle",Wirtschaft,https://www.adzuna.de/details/5692430515?utm_medium=api&utm_source=c5693b3d
5696062567,Account Manager (m/f/x),Wolt,"Leipzig, Leipzig (Kreis)",Unknown,,,,,2026-04-10,"About Wolt At Wolt, we create technology that brings joy, simplicity and earnings to the neighborhoods of the world. In 2014 we started with delivery of restaurant food. Now we’re building the delivery of (almost) everything and you’ll find us in over 500 cities in 30 countries around the world. In ",Wirtschaft,https://www.adzuna.de/details/5696062567?utm_medium=api&utm_source=c5693b3d
5700646758,Digital Solution Advisor (f/m/d) in Presales - Supply Chain Management Integrated Business Planning,SAP,"Walldorf, Rhein-Neckar-Kreis",Unknown,,,,,2026-04-15,"We help the world run better At SAP, we keep it simple: you bring your best to us, and we'll bring out the best in you. We're builders touching over 20 industries and 80% of global commerce, and we need your unique talents to help shape what's next. The work is challenging – but it matters. You'll f",Wirtschaft,https://www.adzuna.de/details/5700646758?utm_medium=api&utm_source=c5693b3d
5703282963,Digital Solution Advisor (f/m/d) in Presales - Supply Chain Management Integrated Business Planning,SAP,"Walldorf, Rhein-Neckar-Kreis",Unknown,,,,,2026-04-18,"We help the world run better At SAP, we keep it simple: you bring your best to us, and we'll bring out the best in you. We're builders touching over 20 industries and 80% of global commerce, and we need your unique talents to help shape what's next. The work is challenging u2013 but it matters. You'",Wirtschaft,https://www.adzuna.de/details/5703282963?utm_medium=api&utm_source=c5693b3d
5702242197,Digital Solution Advisor (f/m/d) in Presales - Supply Chain Management Integrated Business Planning,SAP,"Walldorf, Rhein-Neckar-Kreis",Unknown,,,,,2026-04-17,"We help the world run better At SAP, we keep it simple: you bring your best to us, and we'll bring out the best in you. We're builders touching over 20 industries and 80% of global commerce, and we need your unique talents to help shape what's next. The work is challenging - but it matters. You'll f",Wirtschaft,https://www.adzuna.de/details/5702242197?utm_medium=api&utm_source=c5693b3d
5661008645,Director Product Management TeamViewer One (all genders),TeamViewer GmbH,"Laim, München",Unknown,,,,,2026-03-10,"Director Product Management TeamViewer One (all genders) Drive TeamViewer ONE’s AI-powered AEM vision, lead product strategy and execution, uniting DEX, RMM, UEM and remote support to deliver autonomous endpoint excellence. Driving growth with clarity. TeamViewer provides a leading Digital Workplace",Wirtschaft,https://www.adzuna.de/details/5661008645?utm_medium=api&utm_source=c5693b3d
5661008641,Director Product Management TeamViewer One (all genders),TeamViewer GmbH,"Faurndau, Göppingen",Unknown,,,,,2026-03-10,"Director Product Management TeamViewer One (all genders) Drive TeamViewer ONE’s AI-powered AEM vision, lead product strategy and execution, uniting DEX, RMM, UEM and remote support to deliver autonomous endpoint excellence. Driving growth with clarity. TeamViewer provides a leading Digital Workplace",Wirtschaft,https://www.adzuna.de/details/5661008641?utm_medium=api&utm_source=c5693b3d
5660494232,Director Product Management TeamViewer One (all genders),TeamViewer GmbH,"Vaihingen, Stuttgart",Unknown,,,,,2026-03-10,"Director Product Management TeamViewer One (all genders) Drive TeamViewer ONE’s AI-powered AEM vision, lead product strategy and execution, uniting DEX, RMM, UEM and remote support to deliver autonomous endpoint excellence. Driving growth with clarity. TeamViewer provides a leading Digital Workplace",Wirtschaft,https://www.adzuna.de/details/5660494232?utm_medium=api&utm_source=c5693b3d
5655411510,Manager Strategy Intelligent Cockpit,Harman Becker Automotive Systems Manufacturing Kft,Deutschland,Unknown,,full_time,,,2026-03-05,"A Career at HARMAN As a technology leader that is rapidly on the move, HARMAN is filled with people who are focused on making life better. Innovation, inclusivity and teamwork are a part of our DNA. When you add that to the challenges we take on and solve together, you’ll discover that at HARMAN you",Wirtschaft,https://www.adzuna.de/details/5655411510?utm_medium=api&utm_source=c5693b3d
5687905416,MSP & Marketing Specialist (m/f/d) – EV Charging,Eni Plenitude,Deutschland,"Stellen aus PR, Werbung & Marketing",,,,,2026-04-02,"Description Job title : MSP & Marketing Specialist (m/f/d) – EV Charging Location : Hamburg, Germany (remote) Job reference  : 33222 Contract type : Permanent Language requirements : German (native or C1) and English (C1). Italian is a plus. Plenitude On The Road (POTR) is looking for a motivated MS",Wirtschaft,https://www.adzuna.de/details/5687905416?utm_medium=api&utm_source=c5693b3d
5676521283,Field Application Engineer - Distribution (m/f/d) - REMOTE EMEA,TE Connectivity,Deutschland,Unknown,,,,,2026-03-24,"Field Application Engineer - Distribution (m/f/d) - REMOTE EMEA Posting Start Date: 4/28/26 At TE, you will unleash your potential working with people from diverse backgrounds and industries to create a safer, sustainable and more connected world. Job Description: Job Overview We are seeking an ener",Wirtschaft,https://www.adzuna.de/details/5676521283?utm_medium=api&utm_source=c5693b3d
5708545843,Brand Director (fixed-term contract),LEGO,Deutschland,Unknown,,full_time,,,2026-04-23,"Job Description Take stewardship of one of the world’s most popular brands, inspiring millions of children, families and adults to play, have fun and learn with our exciting, novel and relevant products! This Brand Director position will be responsible for bringing the LEGO stories & experiences to ",Wirtschaft,https://www.adzuna.de/details/5708545843?utm_medium=api&utm_source=c5693b3d
5706271757,Brand Director (fixed-term contract),The LEGO Group,"München, München (Kreis)",Unknown,,,,,2026-04-21,"Job Description Take stewardship of one of the world’s most popular brands, inspiring millions of children, families and adults to play, have fun and learn with our exciting, novel and relevant products! This Brand Director position will be responsible for bringing the LEGO stories & experiences to ",Wirtschaft,https://www.adzuna.de/details/5706271757?utm_medium=api&utm_source=c5693b3d
5686864381,MSP & Marketing Specialist (m/f/d) - EV Charging,Eni,Deutschland,Stellen aus Versorgungsunternehmen,,,,,2026-04-02,Job title : MSP & Marketing Specialist (m/f/d) - EV Charging Location : Germany or Austria (remote) Job reference  : 33222 Contract type : Permanent Language requirements : German (native or C1) and English (C1). Italian is a plus. Plenitude On The Road (POTR) is looking for a motivated MSP & Market,Wirtschaft,https://www.adzuna.de/details/5686864381?utm_medium=api&utm_source=c5693b3d
5711188854,Technical Sales Director DACH & CEE,Tate & Lyle,Deutschland,Unknown,,full_time,,,2026-04-26,"About us: Tate & Lyle is a global provider of distinctive, high-quality ingredients and solutions for the food, beverage and other industries. Listed on the London Stock Exchange, the company was founded in 1921 and is considered a global leader in the production and worldwide marketing of industria",Wirtschaft,https://www.adzuna.de/details/5711188854?utm_medium=api&utm_source=c5693b3d
5709460016,Wirtschaftsinformatiker - Projektmanagement (m/w/d),LOTUS GmbH,"Haiger, Lahn-Dill-Kreis",Unknown,,,,,2026-04-24,"Über uns Als zentraler Servicedienstleister der Joachim Loh Unternehmensgruppe steht LOTUS den Unternehmen Hailo, Hailo Wind Systems, Hailo Digital Hub, Expresso und Meta in den vier Bereichen Finanzwesen, Controlling, Personalmanagement und IT kompetent zur Seite. Wir bieten unseren Kunden Beratung",Wirtschaft,https://www.adzuna.de/details/5709460016?utm_medium=api&utm_source=c5693b3d
5699113924,Wirtschaftsinformatiker - Projektmanagement (m/w/d),Beckhoff Automation GmbH & Co. KG,"Verl, Gütersloh (Kreis)",Unknown,,,,,2026-04-14,Als inhabergeführtes Familienunternehmen realisieren wir seit 1980 innovative Automatisierungssysteme auf der Grundlage PC-basierter Steuerungstechnik. Seit der Gründung ist unser Unternehmen kontinuierlich gewachsen. Heute erwirtschaften wir mit 5.300 Mitarbeitenden (März 2025) und Vertretungen in ,Wirtschaft,https://www.adzuna.de/details/5699113924?utm_medium=api&utm_source=c5693b3d
5704900238,Dualer Student (m/w/d) Wirtschaftsinformatik (B.Sc.) Schwerpunkt Projektmanagement,Ehrhardt + Partner Group,"Aachen, Aachen (Kreis)",Beraterstellen,,,,,2026-04-20,"Mit mehr als 1.600 Kunden zählt die EPG zu den international führenden Anbietern einer umfassenden Supply Chain Execution Suite (EPG ONE) und bietet WMS-, WCS-, WFM-, TMS- und Voice-Lösungen zur Optimierung von Logistikprozessen. Logistik-Consulting, Cloud-Services, Managed Services und Logistik-Sch",Wirtschaft,https://www.adzuna.de/land/ad/5704900238?se=SMpSWuJH8RGrz_gY8KlfVw&utm_medium=api&utm_source=c5693b3d&v=1E8D85025B3CFA010756F1490F5BFB32B61B53FD
5716684718,"Duales Studium der Wirtschaftsinformatik 2026 - Projektmanagement, Ingenieur",REWE digital GmbH,"Kiel, Schleswig-Holstein",Stellen für Hochschulabsolventen,,,,,2026-05-02,"Ort: 24118 Kiel | Vertragsart: Vollzeit, befristet | Job-ID: 929407 Ausbildungsbeginn: 01.09.2026 | geplantes Ausbildungsende: 30.09.2029  Dein Home of IT: REWE digital Wir sind das Zuhause für alle, die sich in der digitalen Welt tummeln. Ein Tech-Team, in dem IT- und Non-IT-Spezialist:innen aus ve",Wirtschaft,https://www.adzuna.de/details/5716684718?utm_medium=api&utm_source=c5693b3d
5470869982,Duales Studium Projektmanagement IT (Wirtschaftsinformatik) - ab Oktober 2026,weisenburger bau gmbH,"Karlsruhe (Kreis), Baden-Württemberg",Unknown,,,,,2025-10-30,Deine Aufgaben du erwirbst an der dualen Hochschule Baden-Württemberg in Karlsruhe in sechs Semestern das theoretische Hintergrundwissen während der Praxisphase lernst du fachliche Geschäftsprozesse und die Projekte der IT kennen und bringst dich mit deinem theoretischen Wissen in die täglichen Aufg,Wirtschaft,https://www.adzuna.de/details/5470869982?utm_medium=api&utm_source=c5693b3d
5705712970,Projektmanager (m/w/d) für (IT-) Prozesse - Mitarbeiterwohnen,Vonovia,"Bochum, Nordrhein-Westfalen",Unknown,,,,,2026-04-21,"Vonovia stellt sich vor: Als Teil des Wohnungskonzerns Vonovia SE gestalten unsere kaufmännischen Teams den Alltag für über eine Million Mieter:innen in rund 540.000 Wohnungen in Deutschland sowie den Arbeitsalltag unserer rund 12.000 Kolleg:innen. Ob in IT, HR, Kundenservice oder Bewirtschaftung – ",Wirtschaft,https://www.adzuna.de/land/ad/5705712970?se=SMpSWuJH8RGrz_gY8KlfVw&utm_medium=api&utm_source=c5693b3d&v=C3E2867F304284C8DCBBB61D84E14956333F148C
5714310704,"Duales Studium 2026 Wirtschaftsinformatik (Bachelor of Arts) - Projektmanagement, Ingenieur",cronos Unternehmensberatung,"Münster, Nordrhein-Westfalen",Stellen für Hochschulabsolventen,,,,,2026-04-30," IT mit Leidenschaft und Leidenschaft für IT Duales Studium 2026 bei cronos: Wirtschaftsinformatik (Bachelor of Arts), Informatikbetriebswirt VWA (all genders) & Fachinformatiker Anwendungsentwicklung (all genders) mit IHK-Abschluss Du suchst nach einer Möglichkeit, deine Begeisterung für Technologi",Wirtschaft,https://www.adzuna.de/details/5714310704?utm_medium=api&utm_source=c5693b3d
5709411506,Projektadministrator für Luftfahrt-Programme (m/w/d) - Befristet für 3 Jahre,Liebherr-Aerospace Lindenberg GmbH,"Lindenberg, Neubrandenburg",Beraterstellen,,,,,2026-04-24,"Die Liebherr-Aerospace Lindenberg GmbH ist einer der führenden europäischen Hersteller von Flugzeugausrüstungen. Die Produkte sind an Bord vieler Großraumflugzeuge, Business-Jets und Hubschrauber im Einsatz. Das Programm umfasst neben Fahrwerken, Flugsteuerungs- und Betätigungssystemen auch Getriebe",Wirtschaft,https://www.adzuna.de/land/ad/5709411506?se=SMpSWuJH8RGrz_gY8KlfVw&utm_medium=api&utm_source=c5693b3d&v=9ED95771668C99146CF9AC63C9A9129329CBA44F
5658023083,Duales Studium Wirtschaftsinformatik (B. Sc.) / Technische Informatik (B. Eng.) - 2026,make IT,"Altendorf, Chemnitz",IT-Stellen,,full_time,,,2026-03-07,"Ein Team, das sich gegenseitig unterstützt und offen kommuniziert Kolleg*innen, die ihr Wissen teilen und ein Umfeld, in dem Du Fragen stellen darfst und in dem Deine Meinung zählt Viel Eigenverantwortung, Raum für eigene Ideen und Projekte, die Du aktiv mitgestalten kannst Führungskräfte, die zuhör",Wirtschaft,https://www.adzuna.de/details/5658023083?utm_medium=api&utm_source=c5693b3d
5712484137,"Duales Studium Wirtschaftsinformatik (B. Sc.) / Technische Informatik (B. Eng.) - 2026 - Projektmanagement, Ingenieur",make IT,"Chemnitz, Chemnitz (Kreis)",Stellen für Hochschulabsolventen,,,,,2026-04-28," Das erwartet Dich: - Ein Team, das sich gegenseitig unterstützt und offen kommuniziert - Kolleg\*innen, die ihr Wissen teilen und ein Umfeld, in dem Du Fragen stellen darfst und in dem Deine Meinung zählt - Viel Eigenverantwortung, Raum für eigene Ideen und Projekte, die Du aktiv mitgestalten kanns",Wirtschaft,https://www.adzuna.de/details/5712484137?utm_medium=api&utm_source=c5693b3d
5710187626,Talentpool – Consultant Projektmanagement (m/w/d)*,Tagueri AG,"Altona-Altstadt, Hamburg",Unknown,,full_time,,,2026-04-25,"Warum zu uns Empower People. Create Success. Bei Tagueri stehen die Mitarbeitenden und das Miteinander im Fokus. Wir brennen für unsere Themen, bringen uns proaktiv ein und geben fachlich und persönlich tagtäglich unser Bestes. Gemeinsam feiern wir unsere kleinen und großen Erfolge, freuen uns aufri",Wirtschaft,https://www.adzuna.de/details/5710187626?utm_medium=api&utm_source=c5693b3d
5695079797,IT-Projektmanager / Integration Specialist (m/w/d) Lernplattformen & Campus-Systeme,Hochschul-IT-Services.nrw KöR,"Bilk, Düsseldorf",IT-Stellen,,full_time,,,2026-04-10,IT-Projektmanager / Integration Specialist (m/w/d) Lernplattformen & Campus-Systeme Standort: Deutschlandweit (Reisen in NRW) | Vertrag: befristet (Option auf Verstetigung) | Arbeitszeit: Vollzeit Gestalte die digitale Hochschullandschaft in NRW aktiv mit HITS.nrw ist der zentrale IT-Dienstleister f,Wirtschaft,https://www.adzuna.de/land/ad/5695079797?se=SMpSWuJH8RGrz_gY8KlfVw&utm_medium=api&utm_source=c5693b3d&v=83114CBFA94FA16050DA8B8297B69E4167703E76
5449051834,Duales Studium Betriebswirtschaftslehre Online (B.A.) (m/w/d),HAW Kiel Hochschule für Angewandte Wissenschaften,"Neumühlen-Dietrichsdorf, Kiel",Unknown,,,,,2025-10-15,"Duales Studium Betriebswirtschaftslehre Online (B.A.) (m/w/d) Unterrichtssprache: Deutsch Immatrikulation: jeweils zum Sommer- und Wintersemester (zulassungsfrei) Deine Zukunft mit einem BWL-Studium Gefragt sind Personen mit betriebswirtschaftlichen Kenntnissen in allen Bereichen, etwa im Management",Wirtschaft,https://www.adzuna.de/details/5449051834?utm_medium=api&utm_source=c5693b3d
5713922953,Werkstudent (m/w/d) Wirtschaftsinformatik,PATHOS Personalmanagement,"Bergheim, Duisburg",Unknown,,,,,2026-04-29,Werkstudent (m/w/d) Wirtschaftsinformatik Einsatzort: Duisburg Für unseren Kunden in Duisburg suchen wir einen Werkstudenten (m/w/d) aus dem Fachbereich Wirtschaftsinformatik - IT-Projektmanagement & Datenmigration. Schwerpunkt: Systemumstellung & Prozessoptimierung Es handelt sich um einen Werkstud,Wirtschaft,https://www.adzuna.de/details/5713922953?utm_medium=api&utm_source=c5693b3d
5709411191,Projektcontroller/-in (m/w/d) für den Fachbereich Finanzen,Wasserverband Eifel-Rur,"Düren, Düren (Kreis)",Unknown,,,,,2026-04-24,"Wasser ist unser Auftrag! Durch eine Kombination von moderner Abwasserreinigung, dem Betrieb von Talsperren zur Stützung der Trink- und Brauchwasserversorgung, Maßnahmen des Hochwasserschutzes sowie der Unterhaltung und naturnaher Weiterentwicklung von Fließgewässern bewirtschaften wir die Gewässer ",Wirtschaft,https://www.adzuna.de/land/ad/5709411191?se=SMpSWuJH8RGrz_gY8KlfVw&utm_medium=api&utm_source=c5693b3d&v=4DC2430DD4FF60BDA438D9E3F683F1337BF3FA7F
5371054481,Senior Projektleiter für Webprojekte (m/w/d) in Dresden,3m5. Webengineers von ITsax.de,"Dresden, Sachsen",IT-Stellen,,full_time,,,2025-08-28,"Als Senior Projektleiter für Webprojekte (m/w/d) bei 3m5. erwarten dich packende Projekte, starkes Teamwork und echte Freiheiten! Bei 3m5. verantwortest du spannende Projekte einer deutschlandweit führenden Internetagentur für namhafte Kunden. Unternehmen wie ZDF, BMW, Ravensburger, Maggi, Puma oder",Wirtschaft,https://www.adzuna.de/details/5371054481?utm_medium=api&utm_source=c5693b3d
5664378618,Projektmanager (m/w/d),SYSTEAM AG,"Ebensfeld, Lichtenfels (Kreis)",Unknown,,,,,2026-03-14,"Die SYSTEAM AG ist Muttergesellschaft verschiedener Tochtergesellschaften und erbringt für diese zentrale Dienstleistungen der allgemeinen Verwaltung. Während unsere Wurzeln im Vertrieb von Druckerlösungen und Zubehör liegen, bauen wir kontinuierlich unsere Marktposition in zukunftsweisenden Segment",Wirtschaft,https://www.adzuna.de/land/ad/5664378618?se=SMpSWuJH8RGrz_gY8KlfVw&utm_medium=api&utm_source=c5693b3d&v=1852B945415A53178D6FC6198FB47A82F598B706
4926961993,Projektmanager Digital Sales und CRM (m/w/d),Workwise GmbH,"Gaildorf, Schwäbisch Hall (Kreis)",Beraterstellen,,full_time,,,2024-11-05,"Über das Unternehmen Die Bott Firmengruppe entwickelt und produziert an drei europäischen Standorten Fahrzeugeinrichtungen, Betriebseinrichtungen und Arbeitsplatzsysteme. Weltweit beliefert bott mit seinen Produkten Kunden in Industrie und Handwerk. Ihr effizientes Arbeiten in Fertigung, Service und",Wirtschaft,https://www.adzuna.de/details/4926961993?utm_medium=api&utm_source=c5693b3d
5597803525,Werkstudent Projektmanagement / Digitalisierung / E-Commerce (m/w/d),Manfred Scherf Holzfachhandel & Co. KG,"Simmerath, Aachen (Kreis)",Stellen aus Logistik & Lagerhaltung,,part_time,,,2026-01-23,"Werkstudent Projektmanagement / Digitalisierung / E-Commerce (m/w/d) Teilzeit in Simmerath Seit mehr als 50 Jahren zählt die Scherf-Firmengruppe zu den beliebtesten Arbeitgebern in der Eifel, dem Landkreis Gießen, dem Westerwald und dem Rheinland. Als modernes und mittelständiges Unternehmen entwick",Wirtschaft,https://www.adzuna.de/details/5597803525?utm_medium=api&utm_source=c5693b3d
5656105727,Projektmanager:in (m/w/d),Fincite GmbH,"Bockenheim, Frankfurt am Main",Unknown,,full_time,,,2026-03-06,"Deine Herausforderungen Budget & Verantwortung – Du übernimmst die volle Verantwortung für die Projektbudgets und stellst sicher, dass Ressourcen effizient eingesetzt werden. Kundenführung – Du bist erster Ansprechpartner für unsere Kunden, führst sie durch laufende Projekte und schaffst Vertrauen d",Wirtschaft,https://www.adzuna.de/details/5656105727?utm_medium=api&utm_source=c5693b3d
5718400471,Duales Studium 2026 – Wirtschaftsinformatik (B.Sc.) M/F/X,Vaillant GmbH,"Süd, Remscheid",IT-Stellen,contract,,17291.0,17291.0,2026-05-04,Salary: 17.291 - 17.291 € per year Requirements: Allgemeine Hochschulreife - idealerweise mit den Leistungskursen Mathematik oder Informatik Talent in der Informationstechnik und Interesse an Betriebswirtschaft und Informatik Begeisterung für die Entwicklung origineller Lösungen Gute Deutsch- und En,Wirtschaft,https://www.adzuna.de/details/5718400471?utm_medium=api&utm_source=c5693b3d
5699637622,IT Workday Consultant Compensation und Benefits (d/m/f/x),Mercedes-Benz Group AG,"Stuttgart, Baden-Württemberg",IT-Stellen,,,,,2026-04-15,"Life is always about becoming… Im Leben geht es darum, sich auf eine Reise zu begeben, um die beste Version unseres zukünftigen Selbst zu werden. Während wir Neues entdecken, stellen wir uns Herausforderungen, meistern sie und wachsen über uns hinaus. Bewerben Sie sich bei Mercedes-Benz und finden S",Wirtschaft,https://www.adzuna.de/land/ad/5699637622?se=SMpSWuJH8RGrz_gY8KlfVw&utm_medium=api&utm_source=c5693b3d&v=5D9A0CB976DA92E48FA1AEF0FAE086A3E72A52DB
5718401015,Duales Studium Wirtschaftsinformatik (m/w/d),ALSTOM Transportation Germany GmbH,"Hennigsdorf, Oberhavel (Kreis)",IT-Stellen,contract,,26500.0,33500.0,2026-05-04,"Salary: 26.500 - 33.500 € per year Requirements: Abgeschlossenes Abitur oder Fachabitur Interesse an Wirtschaftsinformatik und den Themen Programmierung, Projektmanagement sowie Datenbanken Fähigkeit, theoretisches Wissen praktisch anzuwenden Selbständige und verantwortungsbewusste Arbeitsweise Team",Wirtschaft,https://www.adzuna.de/details/5718401015?utm_medium=api&utm_source=c5693b3d
5419198049,Consultant (w/m/d) Projektmanagement,Campana & Schott,"Bockenheim, Frankfurt am Main",Beraterstellen,,full_time,,,2025-09-28,"Campana & Schott ist eine internationale Management- und Technologieberatung mit den Schwerpunkten Transformationsvorhaben in den Bereichen Digitalisierung, New Work und Sustainability sowie Geschäftsbereichs- und Organisationstransformation. Bei uns erlebst Du eine Kultur der Menschlichkeit und arb",Wirtschaft,https://www.adzuna.de/details/5419198049?utm_medium=api&utm_source=c5693b3d
5692966784,ERP Inhouse Consultant (m/w/d),Rohrleitungsbau Münster GmbH,"Dorstfeld, Dortmund",Unknown,,full_time,55000.0,75000.0,2026-04-08,"Ihre Aufgaben Wir suchen wir einen ERP Inhouse Consultant (gn), der mit uns die digitalen Prozesse auf das nächste Level hebt. Mit dieser Stelle wächst unser Projektmanagement-Team am Verwaltungssitz Dortmund erneut. In dieser Funktion liegt Ihr Fokus auf der Integration, der Optimierung und dem Use",Wirtschaft,https://www.adzuna.de/details/5692966784?utm_medium=api&utm_source=c5693b3d
5330335503,Betriebswirt (m/w/d) Direktvermittlung,CAMISARAL,"Biberach an der Riß, Biberach (Kreis)",Unknown,,full_time,40000.0,80000.0,2025-07-31,Wir suchen Betriebswirt (m/w/d) Direktvermittlung Ihr Aufgabengebiet: Wareneinkauf und -lagerung veranlassen Organisationspläne in der Personalwirtschaft erstellen und Personaleinsatz und -bedarf bestimmen Aufgaben im Vertrieb wahrnehmen Neukunden akquirieren und Bestandskunden betreuen Finanz- und ,Wirtschaft,https://www.adzuna.de/details/5330335503?utm_medium=api&utm_source=c5693b3d
5449052319,Duales Studium Betriebswirtschaftslehre (für Nicht-Betriebswirt*innen) (M.A.),HAW Kiel Hochschule für Angewandte Wissenschaften,"Neumühlen-Dietrichsdorf, Kiel",Unknown,,,,,2025-10-15,Duales Studium Betriebswirtschaftslehre (für Nicht-Betriebswirt*innen) (M.A.) Unterrichtssprache : Deutsch und Englisch Immatrikulation : jeweils zum Sommer- und Wintersemester (zulassungsbeschränkt) Deine Zukunft mit einem BWL-Studium Gefragt sind Personen mit betriebswirtschaftlichen Kenntnissen i,Wirtschaft,https://www.adzuna.de/details/5449052319?utm_medium=api&utm_source=c5693b3d
5680686974,Referent Regulatorik (m/w/d),Deutscher Sparkassen Verlag,Deutschland,Unknown,,part_time,,,2026-03-27,Wir sind mehr als eine Agentur für mehr als eine Bank. Wir sind der zentrale Partner für Kommunikation und digitale Services in der Sparkassen-Finanzgruppe. Mit mehr als 600 Mitarbeiter:innen vernetzt die S-Com sämtliche Disziplinen der Kommunikation und entwickelt integrierte Lösungen für Sparkasse,Wirtschaft,https://www.adzuna.de/details/5680686974?utm_medium=api&utm_source=c5693b3d
5398141928,IT-Projektmanager:in (m/w/d),Governikus & Co. KG,"Lehe, Bremen",IT-Stellen,,full_time,,,2025-09-14,"Willkommen bei Governikus Bei uns erwarten dich flache Hierarchien, vielseitige berufliche Entwicklungsmöglichkeiten, anspruchsvolle Projekte und eine Menge Gestaltungsfreiheit. Mit unseren Anwendungen und dir in unserem Team machen wir das Leben aller Bürger:innen in Deutschland einfacher – und der",Wirtschaft,https://www.adzuna.de/details/5398141928?utm_medium=api&utm_source=c5693b3d
5716564344,"Consultant (w/m/d) Projektmanagement - Consulting, IT",Campana & Schott,"Hamburg, Deutschland",Technikerstellen,,,,,2026-05-02,"Deine Persönlichkeit. Deine Karriere im Consulting. Campana & Schott ist eine internationale Management- und Technologieberatung mit den Schwerpunkten Transformationsvorhaben in den Bereichen Digitalisierung, New Work und Sustainability sowie Geschäftsbereichs- und Organisationstransformation. Bei u",Wirtschaft,https://www.adzuna.de/details/5716564344?utm_medium=api&utm_source=c5693b3d
5716564337,"Consultant (w/m/d) Projektmanagement - Consulting, IT",Campana & Schott,"München, München (Kreis)",Technikerstellen,,,,,2026-05-02,"Deine Persönlichkeit. Deine Karriere im Consulting. Campana & Schott ist eine internationale Management- und Technologieberatung mit den Schwerpunkten Transformationsvorhaben in den Bereichen Digitalisierung, New Work und Sustainability sowie Geschäftsbereichs- und Organisationstransformation. Bei u",Wirtschaft,https://www.adzuna.de/details/5716564337?utm_medium=api&utm_source=c5693b3d
5716564345,"Consultant (w/m/d) Projektmanagement - Consulting, IT",Campana & Schott,"Frankfurt am Main, Hessen",Technikerstellen,,,,,2026-05-02,"Deine Persönlichkeit. Deine Karriere im Consulting. Campana & Schott ist eine internationale Management- und Technologieberatung mit den Schwerpunkten Transformationsvorhaben in den Bereichen Digitalisierung, New Work und Sustainability sowie Geschäftsbereichs- und Organisationstransformation. Bei u",Wirtschaft,https://www.adzuna.de/details/5716564345?utm_medium=api&utm_source=c5693b3d
5716564334,"Consultant (w/m/d) Projektmanagement - Consulting, IT",Campana & Schott,"Berlin, Deutschland",Technikerstellen,,,,,2026-05-02,"Deine Persönlichkeit. Deine Karriere im Consulting. Campana & Schott ist eine internationale Management- und Technologieberatung mit den Schwerpunkten Transformationsvorhaben in den Bereichen Digitalisierung, New Work und Sustainability sowie Geschäftsbereichs- und Organisationstransformation. Bei u",Wirtschaft,https://www.adzuna.de/details/5716564334?utm_medium=api&utm_source=c5693b3d
5716564338,"Consultant (w/m/d) Projektmanagement - Consulting, IT",Campana & Schott,"Stuttgart, Baden-Württemberg",Technikerstellen,,,,,2026-05-02,"Deine Persönlichkeit. Deine Karriere im Consulting. Campana & Schott ist eine internationale Management- und Technologieberatung mit den Schwerpunkten Transformationsvorhaben in den Bereichen Digitalisierung, New Work und Sustainability sowie Geschäftsbereichs- und Organisationstransformation. Bei u",Wirtschaft,https://www.adzuna.de/details/5716564338?utm_medium=api&utm_source=c5693b3d
5716564326,"Consultant (w/m/d) Projektmanagement - Consulting, IT",Campana & Schott,"Köln, Nordrhein-Westfalen",Technikerstellen,,,,,2026-05-02,"Deine Persönlichkeit. Deine Karriere im Consulting. Campana & Schott ist eine internationale Management- und Technologieberatung mit den Schwerpunkten Transformationsvorhaben in den Bereichen Digitalisierung, New Work und Sustainability sowie Geschäftsbereichs- und Organisationstransformation. Bei u",Wirtschaft,https://www.adzuna.de/details/5716564326?utm_medium=api&utm_source=c5693b3d
4309937110,ReferentIn der Geschäftsführung (m/w/d/x),homepoint services GmbH,"Wilmersdorf, Berlin",Unknown,,full_time,,,2023-09-13,"Erkennst Du Dich wieder? Mehrjährige Berufserfahrung in der Rolle als Associate, Consultant oder einer ähnlichen Position Erfahrung in einer administrativen oder unterstützenden Position aus der Immobilienbranche, Unternehmensberatung oder dem Projektmanagement Analytischen Denken und die Fähigkeit ",Wirtschaft,https://www.adzuna.de/details/4309937110?utm_medium=api&utm_source=c5693b3d
5290927497,Software Consultant [m|w|d] in Dresden,Soloplan GmbH von ITsax.de,"Dresden, Sachsen",IT-Stellen,,full_time,,,2025-07-07,"Individuell abgestimmt auf deine Fähigkeiten übernimmst du herausfordernde und abwechslungsreiche Aufgaben in unserem Consulting - Bereich Projektleitung. Deine Aufgaben IT-Projekte leiten, steuern und umsetzen Kundenanforderungen prüfen sowie Abstimmung von Schnittstellen, Berichten, o.ä. auch beim",Wirtschaft,https://www.adzuna.de/details/5290927497?utm_medium=api&utm_source=c5693b3d
5709214497,Project Management Office (m/w/d),Allgeier inovar GmbH,"Arbergen, Bremen",Unknown,,full_time,,,2026-04-24,"Unser Set-Up Unser Projektmanagement Office ist ein zentraler Dreh- und Angelpunkt, bei dem viele Informationen aus unserem Projektgeschäft zusammenfließen und verarbeitet werden. In deiner Rolle bist du ein/e wichtige/r Sparringspartner/in für unser Projektmanagement und Delivery Team und sorgst da",Wirtschaft,https://www.adzuna.de/details/5709214497?utm_medium=api&utm_source=c5693b3d
5492824456,IT-Projektmanager (m/w/d),FERCHAU GmbH,"Laim, München",Unknown,,,,,2025-11-12,"Die besten Köpfe für die unterschiedlichsten Aufgaben zu finden sowie Menschen und Technologien zu verbinden, und zwar täglich aufs Neue - dafür schätzen unsere Kunden FERCHAU. Unterstütze uns: als ambitionierte:r Kolleg:in, der:die wie wir Technologien auf die nächste Stufe bringen möchte. Wir real",Wirtschaft,https://www.adzuna.de/details/5492824456?utm_medium=api&utm_source=c5693b3d
5687089060,Projektmanager (m/w/d) Digital Products,EDEKA Handelsgesellschaft Hessenring mbH,"Melsungen, Schwalm-Eder-Kreis",Unknown,,full_time,,,2026-04-02,"Die EDEKA Handelsgesellschaft Hessenring mbH mit Sitz im nordhessischen Melsungen führt mit über 500 EDEKA-Märkten das Feld in der Lebensmittelbranche in der Region an. Wir beliefern in unserem Kernabsatzgebiet Hessen, Südniedersachsen und Thüringen von unseren Auslieferungslägern Melsungen, Großen-",Wirtschaft,https://www.adzuna.de/details/5687089060?utm_medium=api&utm_source=c5693b3d
4431292479,Product Owner (m/w/d),FERCHAU GmbH,"Mitte, Stuttgart",Unknown,,,,,2023-11-14,"Menschen und Technologien zu verbinden, den Perfect Match für unsere Kunden zu gestalten, immer die richtigen Expert:innen für die jeweilige Herausforderung zu finden - das ist unser Anspruch bei FERCHAU und dafür suchen wir dich: als ambitionierte:r Kolleg:in, der wie wir Technologien auf die nächs",Wirtschaft,https://www.adzuna.de/details/4431292479?utm_medium=api&utm_source=c5693b3d
4431290891,IT-Projektleiter Automotive (m/w/d),FERCHAU GmbH,"Mitte, Stuttgart",Unknown,,,,,2023-11-14,"Menschen und Technologien zu verbinden, den Perfect Match für unsere Kunden zu gestalten, immer die richtigen Expert:innen für die jeweilige Herausforderung zu finden - das ist unser Anspruch bei FERCHAU und dafür suchen wir dich: als ambitionierte:n Kolleg:in, der:die wie wir Technologien auf die n",Wirtschaft,https://www.adzuna.de/details/4431290891?utm_medium=api&utm_source=c5693b3d
5647380962,Werkstudent (d/m/w) für Datenmanagement und Reporting - Inklusiver Job   ,Airbus,Deutschland,Unknown,,,,,2026-02-27,"Job Description: Zur Unterstützung im Performance Management & Controlling , sucht Airbus Aerostructures einen Werkstudent im Manufacturing Engineering für Datenmanagement und Reporting (d/m/w) Du bist Vollzeitstudent (d/m/w), auf der Suche nach einer Werkstudentenstelle? Dann bewirb dich jetzt! Wir",Wirtschaft,https://www.adzuna.de/land/ad/5647380962?se=SMpSWuJH8RGrz_gY8KlfVw&utm_medium=api&utm_source=c5693b3d&v=3112409F56E085C1AB3BF2C81069A4536BC8C1A7
5714863581,IT Projektmanager SAP Support bei Airbus (m/w/d),ARTS,"München, München (Kreis)",Unknown,,,,,2026-04-30,"IT Projektmanager SAP Support bei Airbus (m/w/d) München , Deutschland Digitale Transformation gestalten – Sie verbinden Business und IT im ERP-Umfeld. Bei Airbus Defence and Space GmbH in Taufkirchen / München werden Sie als IT-Projektmanager, SAP-Support , die digitale Transformation im Bereich Pr",Wirtschaft,https://www.adzuna.de/details/5714863581?utm_medium=api&utm_source=c5693b3d
5672291941,Projektleiter:in Markt- & Bestandskundensicherung B2C Commodity,enercity,Deutschland,Unknown,,full_time,,,2026-03-19,"Aufgaben Du hast die Gesamtverantwortung für abteilungsübergreifende Vertriebsprojekte im B2C-Heimatmarkt von der Konzeption bis zum Roll-out einschließlich Projekt- und Budgetverantwortung. Du entwickelst Projektpläne, definierst Meilensteine sowie Arbeitspakete und stellst die termingerechte Umset",Wirtschaft,https://www.adzuna.de/details/5672291941?utm_medium=api&utm_source=c5693b3d
5712956424,Projektmanager (m/w/d),Heuft Systemtechnik,"Bad Breisig, Ahrweiler (Kreis)",Unknown,,full_time,,,2026-04-28,"Softwareprojekte & Koordination: Koordiniere die Anforderungsanalyse, das Design, die Entwicklung und die Implementierung von Softwarelösungen und sorge für eine strukturierte Umsetzung IT-Projektleitung: Leite interne IT-Projekte inklusive der Erstellung und Implementierung detaillierter Projektarb",Wirtschaft,https://www.adzuna.de/details/5712956424?utm_medium=api&utm_source=c5693b3d
5710637063,Praktikum im Site Mobility Management (m/w/d),Roche,Deutschland,Unknown,,full_time,,,2026-04-25,"At Roche you can show up as yourself, embraced for the unique qualities you bring. Our culture encourages personal expression, open dialogue, and genuine connections, where you are valued, accepted and respected for who you are, allowing you to thrive both personally and professionally. This is how ",Wirtschaft,https://www.adzuna.de/details/5710637063?utm_medium=api&utm_source=c5693b3d
5710061262,Praktikum im Site Mobility Management (m/w/d),Roche,"Grenzach-Wyhlen, Lörrach (Kreis)",Unknown,,,,,2026-04-25,"At Roche you can show up as yourself, embraced for the unique qualities you bring. Our culture encourages personal expression, open dialogue, and genuine connections, where you are valued, accepted and respected for who you are, allowing you to thrive both personally and professionally. This is how ",Wirtschaft,https://www.adzuna.de/details/5710061262?utm_medium=api&utm_source=c5693b3d
5708902469,IT-Consultant / Projektmanager (m/w/d) - IT-Infrastruktur Bereich Netzwerk in Berlin,SHD System-Haus-Dresden GmbH von ITbbb.de,"Berlin, Deutschland",IT-Stellen,,full_time,,,2026-04-24,"Deine Herausforderung Lösungsverantwortung, Konzepterstellung verbunden mit Projektmanagement im IT-Umfeld können Deine nächsten Herausforderungen sein. Verstärke unser Team in Berlin als IT-Consultant / Projektmanager (m/w/d) zur Betreuung unserer regionalen Kunden. Dein Arbeitsplatz steht Dir in d",Wirtschaft,https://www.adzuna.de/details/5708902469?utm_medium=api&utm_source=c5693b3d
5717744496,ERP Support Specialist (d/f/m),zk professionals,"Taufkirchen, München (Kreis)",Sonstige/Allgemeine Stellen,permanent,full_time,,,2026-05-03,"Wir eröffnen dir neue berufliche Perspektiven durch eine Anstellung bei der zk professionals GmbH, ein Unternehmen der HITO - The AviaTech Group. Auf dich warten interessante Aufgaben mit vielen Einsatz- und Entwicklungsmöglichkeiten. Für unseren Kunden Airbus Defence & Space am Standort Taufkirchen",Wirtschaft,https://www.adzuna.de/details/5717744496?utm_medium=api&utm_source=c5693b3d
5704409623,Abteilungsleiter (m/w/d) Organisation und Digitales,Nextus HR GmbH - Personalvermittlung,"Großefehn, Aurich (Kreis)",IT-Stellen,,full_time,,,2026-04-19,"IHRE AUFGABEN Sie setzen die Organisations- und Digitalisierungsstrategie um und entwickeln diese unter Berücksichtigung aktueller Entwicklungen, beispielsweise in der Kreislaufwirtschaft, weiter. Dabei übernehmen Sie die Verantwortung für das Organisations- und Prozessmanagement. In diesem Rahmen o",Wirtschaft,https://www.adzuna.de/details/5704409623?utm_medium=api&utm_source=c5693b3d
5712410903,Praktikum im Site Mobility Management (m/w/d),Roche,"Grenzach-Wyhlen, Lörrach (Kreis)",Unknown,contract,,,,2026-04-28,"At Roche you can show up as yourself, embraced for the unique qualities you bring. Our culture encourages personal expression, open dialogue, and genuine connections, where you are valued, accepted and respected for who you are, allowing you to thrive both personally and professionally. This is how ",Wirtschaft,https://www.adzuna.de/details/5712410903?utm_medium=api&utm_source=c5693b3d
5694908602,Process Analyst (m/w/d),RENK Group,"Augsburg (Kreis), Bayern",Unknown,,full_time,,,2026-04-09,"Analyse, Design und kontinuierliche Optimierung von End-to-End S2P-Prozessen Sicherstellung effizienter, standardisierter und skalierbarer Einkaufsprozesse Arbeit mit S2P-Plattformen wie Ivalua, idealerweise auch Ariba oder Coupa Übersetzung fachlicher Anforderungen in systemseitig umsetzbare Lösung",Wirtschaft,https://www.adzuna.de/details/5694908602?utm_medium=api&utm_source=c5693b3d
5701713964,Abteilungsleiter (m/w/d) Organisation und Digitales,Nextus HR,"Großefehn, Aurich (Kreis)",Unknown,,full_time,,,2026-04-16,"FESTANSTELLUNG | GROßEFEHN Für unseren Kunden, einen etablierten und modernen Dienstleister im Bereich Kreislaufwirtschaft, suchen wir zum nächstmöglichen Zeitpunkt einen Abteilungsleiter (m/w/d) Organisation und Digitales in Großefehn. IHRE AUFGABEN Sie setzen die Organisations- und Digitalisierung",Wirtschaft,https://www.adzuna.de/details/5701713964?utm_medium=api&utm_source=c5693b3d
5604440385,M365- und KI-Experte (m/w/d),ETL Bodensee Holding GmbH,"Schnetzenhausen, Friedrichshafen",Unknown,,full_time,,,2026-01-29,DAS MACHT UNS AUS Gestalte aktiv den Erfolg & die Zukunft unseres Unternehmens mit Deiner Expertise & Leidenschaft! Dein Beitrag zählt – Wir freuen uns auf Dich als Verstärkung unseres Teams! WAS DICH ERWARTET Microsoft 365 – Digitalisierung gemeinsam vorantreiben Du verantwortest eigenständig die W,Wirtschaft,https://www.adzuna.de/details/5604440385?utm_medium=api&utm_source=c5693b3d
5708571120,Projektcontroller/-in (m/w/d) für den Fachbereich Finanzen,Wasserverband Eifel-Rur,"Merken, Düren",Unknown,,,,,2026-04-23,Durchführung von Abweichungsanalysen sowie frühzeitige Identifikation möglicher Termin und - Budgetüberschreitungen Enge Zusammenarbeit mit internen Projektleiter/-innen sowie der operativen Projektsteuerung durch aktive Einbindung der Controllingaktivitäten in das bestehende Multiprojektmanagement ,Wirtschaft,https://www.adzuna.de/details/5708571120?utm_medium=api&utm_source=c5693b3d
5718335147,IT-Prozess- & Automatisierungsexperte (m/w/d),avitea GmbH,"Lippstadt, Soest (Kreis)",Unknown,permanent,part_time,,,2026-05-04,"Über aviteaavitea versteht sich als Vermittler zwischen Jobsuchenden und Unternehmen wie regionale Mittelständler oder große Industriekonzerne. Die Vermittlung erfolgt über verschiedene Wege wie Direkteinstiege, Arbeitnehmerüberlassung oder Freiberuflereinsätze. Die avitea-Gruppe ist in Süd- und Ost",Wirtschaft,https://www.adzuna.de/details/5718335147?utm_medium=api&utm_source=c5693b3d
5718398889,"Wirtschaftsinformatiker für App-, Dashboard- & KI-Projekte (m/w/d)",HEDELIUS Maschinenfabrik GmbH,"Meppen, Emsland (Kreis)",IT-Stellen,,full_time,55000.0,80000.0,2026-05-04,"Salary: 55.000 - 80.000 € per year Requirements: Abgeschlossenes Studium der Wirtschaftsinformatik oder vergleichbare Qualifikation Erfahrung in App-Entwicklung (z. B. Power Apps, React, Flutter oder vergleichbare Technologien) Erfahrung im Aufbau von Dashboards (z. B. Power BI, Tableau oder ähnlich",Wirtschaft,https://www.adzuna.de/details/5718398889?utm_medium=api&utm_source=c5693b3d
5693249987,Werkstudent im Community Content Creation & Eventplanung (w/m/div.),Robert Bosch GmbH,"Abstatt, Heilbronn (Kreis)",Unknown,,part_time,,,2026-04-08,"Werkstudent im Community Content Creation & Eventplanung (w/m/div.) Robert-Bosch-Allee 1, 74232 Abstatt, Deutschland Teilzeit Robert Bosch GmbH Unternehmensbeschreibung Bei Bosch gestalten wir Zukunft mit hochwertigen Technologien und Dienstleistungen, die Begeisterung wecken und das Leben der Mensc",Wirtschaft,https://www.adzuna.de/details/5693249987?utm_medium=api&utm_source=c5693b3d
5281341628,Bachelor of Science 2026 Wirtschaftsinformatik Application Management (m/w/d) - Hanau,Evonik,"Darmstadt, Hessen","Stellen aus PR, Werbung & Marketing",,full_time,,,2025-07-03,"Wir haben keine Bewerbungsfristen. Solange die Stelle ausgeschrieben ist, kannst du deine Bewerbung einreichen. Je früher du dich bewirbst, umso besser stehen deine Chancen. Was wir bieten Wir bieten dir eine abwechslungsreiche und qualitativ hochwertige Ausbildung in verschiedensten Berufen der Nat",Wirtschaft,https://www.adzuna.de/details/5281341628?utm_medium=api&utm_source=c5693b3d
5716844370,Projektleitung HR-Digitalisierung (m/w/d),Max-Planck-Gesellschaft zur Förderung der Wissenschaften e.V.,"München, München (Kreis)",Stellen aus Personal & Personalbeschaffung,,,,,2026-05-02,Die Max-Planck-Gesellschaft zur F&ouml;rderung der Wissenschaften e. V. (MPG) ist eine von Bund und L&auml;ndern finanzierte Selbstverwaltungsorganisation der Wissenschaft. Sie betreibt in gegenw&auml;rtig 85 Instituten und Forschungsstellen im In- und Ausland Grundlagenforschung auf natur- und geis,Wirtschaft,https://www.adzuna.de/details/5716844370?utm_medium=api&utm_source=c5693b3d
5586882002,Projekt- und Prozessmanager (m/w/d),Avnet,"Bernburg (Saale), Salzlandkreis",Unknown,,full_time,,,2026-01-15,"Avnet Logistics Bernburg A high-performance distribution center with several logistics hall sections and upstream social and administration buildings is being built on a site area of approx. 190,000 m². A total of 56,000 m² of logistics space, 4,600 m² of office space and a product processing center",Wirtschaft,https://www.adzuna.de/details/5586882002?utm_medium=api&utm_source=c5693b3d
5648263814,Werkstudent (d/m/w) für Datenmanagement und Reporting,Airbus,"Hagen, Stade",Stellen für Hochschulabsolventen,,,,,2026-02-28,"Job Description: Zur Unterstützung im Performance Management & Controlling , sucht Airbus Aerostructures einen Werkstudent im Manufacturing Engineering für Datenmanagement und Reporting (d/m/w) Du bist Vollzeitstudent (d/m/w), auf der Suche nach einer Werkstudentenstelle? Dann bewirb dich jetzt! Wir",Wirtschaft,https://www.adzuna.de/details/5648263814?utm_medium=api&utm_source=c5693b3d
5515564735,Duales Studium 2026 â Wirtschaftsinformatik (B.Sc.),Vaillant GmbH,"Remscheid, Nordrhein-Westfalen",Unknown,,,,,2025-11-27,"Was wir gemeinsam in unserem Dualen Studium bewegen Basics: Kennenlernen der Methoden der Wirtschaftsinformatik, wie z. B. Geschäftsprozess- und Projektmanagement, Programmierung, Systems Design Hintergrundwissen: Einführung in die Betriebswirtschaftslehre, u.a. Management, Controlling, Rechnungswes",Wirtschaft,https://www.adzuna.de/details/5515564735?utm_medium=api&utm_source=c5693b3d
5716859776,Projektleitung Spenderwesen (w/m/d),Bayerisches Rotes Kreuz K.d.ö.R. Landesgeschäftsstelle,"München, München (Kreis)",Verwaltungsstellen,,,,,2026-05-02,"BRK Landesgesch&auml;ftsstelle, M&uuml;nchen, Stabsstelle Kommunikation Projektleitung Spenderwesen (w/m/d) Jetzt bewerben Projektleitung Spenderwesen (w/m/d) BRK Landesgesch&auml;ftsstelle, M&uuml;nchen, Bauernfeindstra&szlig;e 17,M&uuml;nchen Abteilung: Stabsstelle Kommunikation Vollzeit, Teilzeit",Wirtschaft,https://www.adzuna.de/details/5716859776?utm_medium=api&utm_source=c5693b3d
